index,Date,vfinx,hsi,n225,pesi,ks11,jkse,msci,vgk,vwo,iemg,eem,emb,ibcx,spsk,asia,hydb,tlt
0,1998-05-01,69.4422454833984,10563.6796875,15601.099609375,7.8125,,448.524993896484,,,,,,,,,,,
1,1998-06-01,67.6878509521484,8612.009765625,15321.0302734375,9.0625,336.700012207031,414.079010009766,,,,,,,,,,,
2,1998-07-01,71.3465576171875,8612.009765625,16362.8896484375,9.6875,315.559997558594,456.527435302734,,,,,,,,,,,
3,1998-07-31,68.9484481811523,8612.009765625,16362.8896484375,12.34375,315.559997558594,456.527435302734,,,,,,,,,,,
4,1998-09-01,61.2588081359863,7062.47021484375,14369.6298828125,8.125,309.709991455078,325.844329833984,,,,,,,,,,,
5,1998-10-01,60.8720626831055,7062.47021484375,13197.1201171875,7.8125,305.640014648438,273.85986328125,,,,,,,,,,,
6,1998-11-02,68.6693649291992,10170.080078125,13952.75,9.0625,404.609985351563,307.188873291016,,,,,,,,,,,
7,1998-12-01,72.7173080444336,9975.849609375,14835.41015625,7.1875,445.959991455078,387.723480224609,,,,,,,,,,,
8,1998-12-31,76.173698425293,9975.849609375,14835.41015625,7.5,445.959991455078,387.723480224609,,,,,,,,,,,
9,1999-02-01,78.961296081543,9599.5498046875,14465.1796875,7.1875,581.669982910156,409.099853515625,,,,,,,,,,,
10,1999-03-01,76.7686996459961,10020.4599609375,14221.75,6.09375,581.669982910156,396.313232421875,,,,,,,,,,,
11,1999-04-01,80.4234008789063,11072.98046875,16327.5595703125,5.3125,636.890014648438,394.421295166016,,,,,,,,,,,
12,1999-04-30,83.0463485717773,11072.98046875,16327.5595703125,6.875,636.890014648438,394.421295166016,,,,,,,,,,,
13,1999-06-01,80.5982666015625,12363.5595703125,16408.5,6.09375,753.719970703125,583.23974609375,,,,,,,,,,,
14,1999-07-01,86.085563659668,12363.5595703125,17860.75,8.125,919.97998046875,673.022033691406,,,,,,,,,,,
15,1999-08-02,82.8472213745117,13435.4296875,17825.69921875,6.25,959.809997558594,596.495300292969,,,,,,,,,,,
16,1999-09-01,83.1643371582031,13544.1904296875,17802.48046875,7.8125,905.52001953125,571.759033203125,,,,,,,,,,,
17,1999-10-01,80.2233810424805,13544.1904296875,17712.560546875,6.71875,839.349975585938,566.025146484375,,,,,,,,,,,
18,1999-11-01,84.7366180419922,13322.1103515625,17996.919921875,7.34375,876.549987792969,595.066284179688,,,,,,,,,,,
19,1999-12-01,87.5920867919922,15422.51953125,18495.94921875,7.1875,999.159973144531,597.523315429688,,,,,,,,,,,
20,1999-12-31,92.2285385131836,15422.51953125,18495.94921875,5.9375,999.159973144531,597.523315429688,,,,,,,,,,,
21,2000-02-01,88.5211181640625,15653.8603515625,19423.380859375,7.8125,928.75,616.837707519531,,,,,,,,,,,
22,2000-03-01,86.7424240112305,16843.58984375,20081.669921875,6.5625,928.75,565.461242675781,,,,,,,,,,,
23,2000-03-31,94.3032989501953,16843.58984375,20081.669921875,8.75,928.75,565.461242675781,,,,,,,,,,,
24,2000-05-01,92.4661407470703,16843.58984375,18403.080078125,6.875,928.75,524.593444824219,,,,,,,,,,,
25,2000-06-01,91.3802490234375,14941.1904296875,16694.30078125,7.5,738.489990234375,524.593444824219,,,,,,,,,,,
26,2000-06-30,91.8314437866211,14941.1904296875,16694.30078125,7.5,738.489990234375,524.593444824219,,,,,,,,,,,
27,2000-08-01,90.9209899902344,16897.44921875,16099.669921875,7.34375,727.099975585938,489.662475585938,,,,,,,,,,,
28,2000-09-01,96.260383605957,17333.609375,16739.779296875,8.125,692.190002441406,470.40106201171903,,,,,,,,,,,
29,2000-10-02,90.9601516723633,17333.609375,15902.509765625,7.34375,589.219970703125,432.226196289063,,,,,,,,,,,
30,2000-11-01,90.0818557739258,15349.009765625,14872.3896484375,9.0625,548.760009765625,409.349853515625,,,,,,,,,,,
31,2000-12-01,83.4670486450195,14441.4296875,14835.330078125,9.0625,514.460021972656,427.539306640625,,,,,,,,,,,
32,2001-01-02,81.5268936157227,14869.9404296875,14835.330078125,7.1875,520.950012207031,410.192810058594,,,,,,,,,,,
33,2001-02-01,87.3364562988281,16163.990234375,13779.5498046875,9.84375,612.299987792969,430.568237304688,,,,,,,,,,,
34,2001-03-01,79.0007247924805,14360.5595703125,12681.66015625,9.6875,612.299987792969,424.017395019531,,,,,,,,,,,
35,2001-04-02,72.9798965454102,12727.2998046875,12937.8603515625,9.0625,515.200012207031,375.020874023438,,,,,,,,,,,
36,2001-05-01,80.7168807983398,12727.2998046875,14425.4599609375,12.1000003814697,515.200012207031,362.217254638672,,,,,,,,,,,
37,2001-06-01,80.4683990478516,13141.3798828125,13261.83984375,13.3500003814697,607.070007324219,396.502227783203,,,,,,,,,,,
38,2001-07-02,78.9775772094727,13141.3798828125,12751.1796875,11.1999998092651,596.739990234375,431.323181152344,,,,,,,,,,,
39,2001-08-01,77.7252731323242,12478.740234375,11959.330078125,11.6000003814697,562.789978027344,443.180847167969,,,,,,,,,,,
40,2001-08-31,72.5569839477539,12478.740234375,11959.330078125,15.3000001907349,562.789978027344,443.180847167969,,,,,,,,,,,
41,2001-10-01,66.5291442871094,12478.740234375,9972.2802734375,15.1499996185303,562.789978027344,388.663452148438,,,,,,,,,,,
42,2001-11-01,69.5146789550781,10158.849609375,10347.2802734375,16.0499992370605,544.090026855469,381.987640380859,,,,,,,,,,,
43,2001-11-30,73.1459197998047,10158.849609375,10347.2802734375,15.25,544.090026855469,381.987640380859,,,,,,,,,,,
44,2002-01-02,74.2181396484375,11350.849609375,10347.2802734375,13.5,724.950012207031,383.446624755859,,,,,,,,,,,
45,2002-02-01,72.1834106445313,10691.25,9791.4296875,15.0500001907349,742.419982910156,454.2685546875,,,,,,,,,,,
46,2002-03-01,72.9011611938477,10425.3095703125,10812.0,12.9499998092651,742.419982910156,452.148559570313,,,,,,,,,,,
47,2002-04-01,73.9033355712891,10425.3095703125,11028.7001953125,16.6499996185303,875.830017089844,486.653564453125,,,,,,,,,,,
48,2002-05-01,70.0883483886719,10425.3095703125,11552.7900390625,15.6499996185303,875.830017089844,534.7041015625,,,,,,,,,,,
49,2002-05-31,68.9424285888672,10425.3095703125,11552.7900390625,14.75,875.830017089844,534.7041015625,,,,,,,,,,,
50,2002-07-01,62.6462135314941,10425.3095703125,10595.4404296875,13.6499996185303,875.830017089844,492.251373291016,,,,,,,,,,,
51,2002-08-01,57.33984375,10180.01953125,9793.509765625,14.0500001907349,707.799987792969,461.269317626953,,,,,,,,,,,43.4102096557617
52,2002-09-02,57.33984375,9896.98046875,9521.6298828125,14.0500001907349,751.97998046875,439.975952148438,,,,,,,,,,,43.4102096557617
53,2002-10-01,55.108707427978494,9896.98046875,9162.259765625,12.25,652.130004882813,407.505889892578,,,,,,,,,,,46.8949546813965
54,2002-11-01,58.6291046142578,9407.6796875,8685.7197265625,12.6000003814697,647.650024414063,371.124969482422,,,,,,,,,,,45.5384979248047
55,2002-12-02,60.9174118041992,10205.16015625,9174.4697265625,12.3500003814697,730.159973144531,389.258422851563,,,,,,,,,,,45.3527717590332
56,2003-01-02,59.3468399047852,9365.51953125,9174.4697265625,12.6499996185303,635.169982910156,409.112854003906,,,,,,,,,,,46.1366844177246
57,2003-01-31,55.9216499328613,9365.51953125,9174.4697265625,11.75,635.169982910156,409.112854003906,,,,,,,,,,,47.0885276794434
58,2003-02-28,55.0724029541016,9365.51953125,9174.4697265625,10.8500003814697,635.169982910156,409.112854003906,,,,,,,,,,,48.5470237731934
59,2003-04-01,56.2943115234375,8596.8896484375,7986.72021484375,10.0,538.559997558594,398.043182373047,,,,,,,,,,,47.7481880187988
60,2003-05-01,60.1585502624512,8596.8896484375,7863.2900390625,9.94999980926514,538.559997558594,452.1845703125,,,,,8.45797443389893,,,,,,48.4098587036133
61,2003-06-02,63.5823822021484,9637.5302734375,8547.169921875,9.89999961853027,648.710021972656,505.708984375,,,,,9.33243846893311,,,,,,51.0663986206055
62,2003-07-01,64.6737442016602,9637.5302734375,9278.490234375,9.25,674.75,505.648986816406,,,,,9.75920295715332,,,,,,50.2643280029297
63,2003-08-01,64.6025009155273,10248.599609375,9611.669921875,10.5500001907349,727.260009765625,508.687896728516,,,,,10.2246160507202,,,,,,45.438907623291
64,2003-09-01,64.6025009155273,10903.400390625,10670.1796875,10.5500001907349,764.109985351563,534.321105957031,,,,,10.2246160507202,,,,,,45.438907623291
65,2003-10-01,67.2930755615234,10903.400390625,10361.240234375,8.94999980926514,704.289978027344,606.02099609375,,,,,11.2327470779419,,,,,,48.6155242919922
66,2003-10-31,69.5323791503906,10903.400390625,10361.240234375,11.4499998092651,704.289978027344,606.02099609375,,,,,11.9501895904541,,,,,,47.3212394714356
67,2003-12-01,70.9203033447266,12456.990234375,10403.26953125,11.0,807.390014648438,629.921325683594,,,,,12.5235071182251,,,,,,47.2173042297363
68,2004-01-02,73.5719985961914,12801.48046875,10403.26953125,15.3999996185303,821.260009765625,704.47705078125,,,,,13.5641279220581,,,,,,47.550960540771506
69,2004-02-02,75.4120178222656,12999.98046875,10776.73046875,16.25,854.890014648438,704.47705078125,,,,,13.5932693481445,,,,,,48.9122047424316
70,2004-03-01,76.9142150878906,13918.650390625,11271.1201171875,15.8000001907349,854.890014648438,758.9833984375,,,,,14.4496240615845,,,,,,50.1142654418945
71,2004-04-01,75.4174423217773,12676.25,11683.419921875,11.25,882.75,737.631103515625,,,,,14.3209285736084,,,,,,50.674625396728494
72,2004-04-30,73.8378067016602,12676.25,11683.419921875,9.35000038146973,882.75,737.631103515625,,,,,12.8129920959473,,,,,,47.6709213256836
73,2004-06-01,74.87646484375,12105.5498046875,11296.759765625,9.80000019073486,815.77001953125,731.180297851563,,,,,12.8728904724121,,,,,,47.1125068664551
74,2004-07-01,75.5015411376953,12105.5498046875,11896.009765625,9.10000038146973,778.030029296875,729.786315917969,,,,,12.9190254211426,,,,,,48.1387672424316
75,2004-08-02,74.0830917358398,12201.3896484375,11222.240234375,8.85000038146973,719.590026855469,749.435729980469,,,,,12.5434579849243,,,,,,48.8483734130859
76,2004-09-01,74.1772003173828,13023.8701171875,11127.349609375,8.30000019073486,817.359985351563,775.072998046875,,,,,13.1594200134277,,,,,,50.8692169189453
77,2004-10-01,75.9709854125977,13023.8701171875,10985.169921875,8.14999961853027,846.010009765625,835.880187988281,,,,,14.2294626235962,,,,,,51.0431251525879
78,2004-11-01,75.9854965209961,13094.25,10734.7099609375,6.75,835.659973144531,863.563354492188,,,,,14.4666185379028,,,,,,51.8800048828125
79,2004-12-01,80.2359466552734,14162.7998046875,10784.25,6.5,876.799987792969,986.169677734375,,,,,15.9089937210083,,,,,,50.8745346069336
80,2004-12-31,81.719482421875,14162.7998046875,10784.25,9.05000019073486,876.799987792969,986.169677734375,,,,,16.5377082824707,,,,,,52.3087196350098
81,2005-02-01,80.2628326416016,13578.259765625,11384.400390625,9.69999980926514,923.690002441406,1047.50085449219,,,,,16.5909614562988,,,,,,54.0894355773926
82,2005-03-01,81.8439025878906,14061.150390625,11780.5302734375,8.80000019073486,923.690002441406,1093.24865722656,,,,,18.0935726165772,,,,,,53.3612213134766
83,2005-04-01,79.4288558959961,13491.349609375,11723.6298828125,8.89999961853027,981.900024414063,1095.03344726563,,26.967378616333,15.8379621505737,,16.7138595581055,,,,,,53.3143119812012
84,2005-05-02,78.7747573852539,13491.349609375,11002.1103515625,9.0,918.419982910156,1026.49157714844,,26.5813426971436,15.5228748321533,,16.5172271728516,,,,,,55.1769828796387
85,2005-06-01,81.6629791259766,13873.0703125,11329.669921875,8.5,969.510009765625,1082.90893554688,,26.7467861175537,15.9887933731079,,17.1267929077148,,,,,,57.617561340332
86,2005-07-01,81.2278594970703,13873.0703125,11630.1298828125,9.44999980926514,1018.02001953125,1138.95422363281,,27.0225296020508,16.6021995544434,,17.6626148223877,,,,,,57.4479598999023
87,2005-08-01,84.0901260375977,14978.8798828125,11946.919921875,9.30000019073486,1115.97998046875,1178.18811035156,,28.1034278869629,17.8022003173828,,19.2602634429932,,,,,,55.9777679443359
88,2005-09-01,83.3229446411133,15143.75,12506.9697265625,10.3500003814697,1106.36999511719,1039.19909667969,,29.002347946167,18.0301303863525,,19.4667301177979,,,,,,57.7899894714356
89,2005-09-30,83.9029922485352,15143.75,12506.9697265625,11.0,1106.36999511719,1039.19909667969,,28.9141101837158,19.3172760009766,,20.8628349304199,,,,,,56.039493560791
90,2005-11-01,82.1982421875,14572.259765625,13867.8603515625,9.25,1188.94995117188,1064.92138671875,,28.3350601196289,18.3519191741943,,19.8845748901367,,,,,,54.7205924987793
91,2005-12-01,86.6453704833984,15068.0302734375,15130.5,8.25,1305.97998046875,1096.33837890625,,29.057487487793,19.9206256866455,,21.2118549346924,,,,,,55.075679779052706
92,2006-01-02,86.6453704833984,15068.0302734375,15130.5,8.25,1389.27001953125,1171.67419433594,,29.057487487793,19.9206256866455,,21.2118549346924,,,,,,55.075679779052706
93,2006-02-01,88.0560302734375,15742.2998046875,16480.08984375,8.80000019073486,1375.96997070313,1240.65808105469,,31.6515216827393,23.2580604553223,,25.0349979400635,,,,,,55.8546981811523
94,2006-03-01,88.8606414794922,15818.08984375,15964.4599609375,9.44999980926514,1375.96997070313,1239.23327636719,,31.8382625579834,23.1557178497314,,24.7491779327393,,,,,,56.3249244689941
95,2006-03-31,89.2005462646484,15818.08984375,15964.4599609375,9.55000019073486,1375.96997070313,1239.23327636719,,32.8173027038574,22.9510440826416,,24.6050319671631,,,,,,54.0776596069336
96,2006-05-01,90.0158996582031,15818.08984375,16925.7109375,9.89999961853027,1375.96997070313,1476.4111328125,,34.4414672851563,24.810188293457,,26.2006282806397,,,,,,52.1939811706543
97,2006-06-01,88.8564224243164,15645.26953125,15503.740234375,9.25,1295.08996582031,1321.52075195313,,33.858570098877,22.3779487609863,,23.7649765014648,,,,,,52.7231369018555
98,2006-06-30,87.8835906982422,15645.26953125,15503.740234375,10.6499996185303,1295.08996582031,1321.52075195313,,33.858570098877,21.9276561737061,,23.3374996185303,,,,,,53.1073188781738
99,2006-08-01,88.0188064575195,16911.369140625,15440.91015625,10.25,1287.35998535156,1371.65222167969,,34.0283508300781,21.9447154998779,,23.4990463256836,,,,,,54.2510871887207
100,2006-09-01,91.0086212158203,17423.720703125,16134.25,11.9499998092651,1356.67004394531,1444.44714355469,,35.4884071350098,22.978328704834,,24.5329513549805,,,,,,55.933464050293
101,2006-10-02,92.5075149536133,17423.720703125,16254.2900390625,10.5,1374.21997070313,1528.86157226563,,35.6977920532227,22.9305744171143,,24.0110301971436,,,,,,57.1411743164063
102,2006-11-01,95.1479873657227,18453.650390625,16375.259765625,11.1000003814697,1374.34997558594,1589.82092285156,,36.9710960388184,24.0255947113037,,25.4898204803467,,,,,,57.7854461669922
103,2006-12-01,97.3810882568359,18690.8203125,16321.7802734375,10.0500001907349,1434.35998535156,1734.69848632813,,38.2896614074707,25.6595897674561,,27.1773700714111,,,,,,58.943538665771506
104,2007-01-02,97.3810882568359,20310.1796875,16321.7802734375,10.0500001907349,1435.26000976563,1836.46557617188,,38.2896614074707,25.6595897674561,,27.1773700714111,,,,,,58.943538665771506
105,2007-02-01,101.05297088623,20430.16015625,17519.5,12.0500001907349,1382.90002441406,1771.2734375,,40.4888153076172,27.1580486297607,,29.1648101806641,,,,,,56.5715370178223
106,2007-03-01,98.2627716064453,19346.599609375,17453.509765625,11.0,1382.90002441406,1759.43774414063,,39.1872329711914,25.9499320983887,,27.4784488677979,,,,,,58.5220909118652
107,2007-04-02,99.8673248291016,19809.69921875,17028.41015625,11.25,1459.53002929688,1849.3291015625,,41.616096496582,27.6197566986084,,29.5681304931641,,,,,,57.659107208252
108,2007-05-01,104.283210754395,19809.69921875,17274.98046875,12.8500003814697,1459.53002929688,2001.11853027344,,43.5742912292481,28.6230430603027,,30.5814590454102,,,,,,58.1265716552734
109,2007-06-01,108.029106140137,20602.869140625,17958.880859375,15.1000003814697,1716.23999023438,2001.11853027344,,44.753849029541,30.9975967407227,,32.8022308349609,,,,,,56.4425201416016
110,2007-07-02,106.954902648926,20602.869140625,18146.30078125,15.5,1771.34997558594,2167.755859375,,44.858455657959,32.3480186462402,,33.8533706665039,,,,,,56.4607543945313
111,2007-08-01,103.300788879395,22455.359375,16870.98046875,14.75,1856.44995117188,2256.2412109375,,43.4115905761719,32.2855377197266,,33.2862129211426,,,,,,57.9040489196777
112,2007-08-31,104.08812713623,22455.359375,16870.98046875,13.1000003814697,1856.44995117188,2256.2412109375,,43.2082252502441,32.8028030395508,,33.7651443481445,,,,,,59.067066192627
113,2007-10-01,109.402412414551,22455.359375,16845.9609375,14.1499996185303,1962.67004394531,2399.384765625,,45.8927536010742,37.4130401611328,,38.8570098876953,,,,,,59.5401382446289
114,2007-11-01,106.807121276855,31492.880859375,16870.400390625,14.8999996185303,2063.13989257813,2704.57666015625,,46.4738235473633,39.2807426452637,,40.4425468444824,,,,,,61.060245513916
115,2007-11-30,105.079490661621,31492.880859375,16870.400390625,13.0,2063.13989257813,2704.57666015625,25.5797004699707,45.8055953979492,37.2429275512695,,38.9200325012207,,,,,,63.502620697021506
116,2008-01-02,102.863327026367,27560.51953125,16870.400390625,11.8500003814697,1853.44995117188,2731.42602539063,31.3154735565186,44.6823921203613,36.784664154052706,,37.7393836975098,53.2854156494141,114.397674560547,,,,64.0128173828125
117,2008-02-01,99.2806396484375,24123.580078125,13497.16015625,10.75,1634.53002929688,2646.74243164063,32.0093154907227,41.3910102844238,34.3759803771973,,35.6458778381348,53.7191276550293,115.592422485352,,,,64.8138198852539
118,2008-02-29,94.88720703125,24123.580078125,13497.16015625,9.30000019073486,1634.53002929688,2646.74243164063,27.5039558410645,40.707557678222706,34.5280723571777,,35.6458778381348,53.497562408447294,115.562561035156,,,,64.1332321166992
119,2008-04-01,97.8546142578125,23137.4609375,12656.419921875,8.30000019073486,1702.25,2393.17797851563,28.5771007537842,42.3682289123535,34.2380294799805,,35.6254577636719,53.4882888793945,114.795928955078,,,,64.4388732910156
120,2008-05-01,100.771919250488,23137.4609375,13766.8603515625,12.6499996185303,1702.25,2393.17797851563,30.1590709686279,43.3034820556641,36.5830497741699,,37.841522216796896,54.2581596374512,116.090240478516,,,,63.8804664611816
121,2008-06-02,99.2822418212891,24831.359375,14440.1396484375,12.1999998092651,1847.53002929688,2427.69604492188,33.1102027893066,42.6859741210938,36.5017013549805,,38.168312072753906,54.3114128112793,113.640998840332,,,,62.398963928222706
122,2008-07-01,92.2249603271484,24831.359375,13463.2001953125,14.3999996185303,1666.4599609375,2378.7373046875,31.3247184753418,38.7710838317871,32.193660736084,,34.4223213195801,52.8698577880859,110.375335693359,,,,63.657413482666
123,2008-08-01,90.5801620483398,22862.599609375,13094.58984375,12.25,1573.77001953125,2248.68310546875,28.0497798919678,37.6979522705078,31.472110748291,,32.8935813903809,53.3962249755859,112.20728302002,,,,63.7147674560547
124,2008-09-01,90.5801620483398,20906.310546875,12834.1796875,12.25,1414.43005371094,2164.55590820313,28.0497798919678,37.6979522705078,31.472110748291,,32.8935813903809,53.3962249755859,111.619873046875,,,,63.7147674560547
125,2008-10-01,83.8155822753906,20906.310546875,11368.259765625,10.4499998092651,1439.67004394531,2164.55590820313,20.445255279541,31.8166332244873,24.2071437835693,,26.7889862060547,50.2598876953125,107.378486633301,,,,67.1135787963867
126,2008-10-31,70.0475845336914,20906.310546875,11368.259765625,6.84999990463257,1439.67004394531,2164.55590820313,15.9491500854492,25.0120582580566,17.8334865570068,,19.700511932373,40.3827247619629,107.268966674805,,,,65.0464782714844
127,2008-12-01,59.2276039123535,14108.83984375,8397.2197265625,4.15000009536743,1058.61999511719,1223.08874511719,13.5900821685791,21.0971813201904,14.8482723236084,,16.0671939849854,42.9236526489258,111.062316894531,,,,77.223258972168
128,2009-01-02,67.8225708007813,15042.8095703125,8397.2197265625,6.34999990463257,1157.40002441406,1223.08874511719,17.2535743713379,25.3026008605957,18.4757022857666,,20.551362991333,52.9742126464844,115.851287841797,,,,82.4042053222656
129,2009-02-02,60.1504974365234,12861.490234375,7873.97998046875,6.80000019073486,1146.94995117188,1310.60400390625,16.8187694549561,21.1081523895264,15.8713903427124,,17.613208770752,46.9492416381836,113.30248260498,,,,74.8474578857422
130,2009-03-02,51.2762489318848,12317.4599609375,7280.14990234375,6.90000009536743,1018.80999755859,1256.07165527344,13.4050598144531,17.9234867095947,14.8668718338013,,15.6649150848389,45.506492614746094,112.117683410645,,,,73.5525512695313
131,2009-04-01,59.475440979003906,13519.5400390625,8351.91015625,9.69999980926514,1233.35998535156,1461.70458984375,15.7271194458008,21.1858291625977,18.1706218719482,,20.1349964141846,48.0977096557617,111.978294372559,,,,75.9702072143555
132,2009-05-01,64.4376983642578,13519.5400390625,8977.3701171875,11.25,1233.35998535156,1729.53076171875,20.1677188873291,23.768518447876,20.9609546661377,,22.8531799316406,51.879810333252,115.323608398438,,,,69.5672912597656
133,2009-06-01,69.4318466186523,18888.58984375,9677.75,11.1999998092651,1415.09997558594,1998.52062988281,20.7875537872314,27.3480415344238,25.2171363830566,,27.2132759094238,53.8933334350586,115.353477478027,,,,65.4667282104492
134,2009-07-01,68.1414489746094,18888.58984375,9939.9296875,12.5500001907349,1411.66003417969,2059.82275390625,22.2677536010742,26.5907001495361,24.1754169464111,,25.9932899475098,53.895503997802706,116.926567077637,,,,67.8330078125
135,2009-07-31,72.9778060913086,18888.58984375,9939.9296875,13.0500001907349,1411.66003417969,2059.82275390625,25.8572368621826,29.0309944152832,26.2588672637939,,28.3375949859619,55.4761619567871,119.684455871582,,,,68.3593292236328
136,2009-09-01,73.9306564331055,19872.30078125,9939.9296875,12.3500003814697,1623.06005859375,2326.84497070313,26.449312210083,29.6135540008545,25.6635894775391,,27.4347248077393,56.8064994812012,118.181060791016,,,,69.7152328491211
137,2009-10-01,76.4012451171875,19872.30078125,9978.6396484375,10.6999998092651,1644.63000488281,2477.8974609375,25.1078853607178,31.0699596405029,27.9479389190674,,29.9770278930664,59.7569732666016,119.445503234863,,,,72.5828399658203
138,2009-11-02,77.4554443359375,21620.189453125,9802.9501953125,11.6999998092651,1559.08996582031,2371.57177734375,27.9110088348389,31.6460418701172,28.5134391784668,,30.1987915039063,59.171531677246094,119.584892272949,,,,69.4208297729492
139,2009-12-01,82.5494079589844,22113.150390625,9572.2001953125,11.6499996185303,1569.71997070313,2452.42797851563,28.9656562805176,33.5749855041504,30.7382659912109,,33.0103797912598,60.1102256774902,119.78401184082,,,,69.7886123657227
140,2009-12-31,83.1469497680664,22113.150390625,9572.2001953125,11.3500003814697,1569.71997070313,2452.42797851563,29.4189624786377,32.610710144043,30.921667098999,,33.142936706543,60.0865745544434,119.78401184082,,,,66.0963363647461
141,2010-02-01,81.2924118041992,20243.75,10205.01953125,9.69999980926514,1606.43994140625,2587.47216796875,27.670482635498,31.3326511383057,29.6697216033936,,31.3939456939697,59.7790794372559,120.451095581055,,,,67.259651184082
142,2010-03-01,83.4628219604492,21056.9296875,10172.0595703125,10.0,1606.43994140625,2554.59814453125,26.449312210083,30.4918346405029,29.8733406066895,,31.6415176391602,60.604434967041,120.251960754395,,,,67.6136932373047
143,2010-04-01,88.2582855224609,21537.0,11244.400390625,11.1999998092651,1719.17004394531,2829.912109375,33.7392959594727,32.967227935791,32.5507049560547,,34.5165710449219,62.165565490722706,121.247589111328,,,,66.0896682739258
144,2010-04-30,88.9819869995117,21537.0,11244.400390625,10.6999998092651,1719.17004394531,2829.912109375,32.0555839538574,31.1443119049072,31.7211036682129,,33.5821800231934,62.4529991149902,121.964447021484,,,,68.4524383544922
145,2010-06-01,80.4602661132813,19496.94921875,9711.830078125,8.25,1630.40002441406,2724.5341796875,27.2171630859375,27.2697792053223,28.2970943450928,,29.8685703277588,61.4496879577637,120.590476989746,,,,72.4549331665039
146,2010-07-01,77.3239974975586,19496.94921875,9191.599609375,8.30000019073486,1686.23999023438,2874.16284179688,25.2929172515869,27.5724678039551,28.8250179290772,,30.2190818786621,62.6592826843262,121.008644104004,,,,76.2408294677734
147,2010-08-02,84.8267517089844,21412.7890625,9570.3095703125,9.25,1782.27001953125,3058.88818359375,30.7603931427002,32.0658683776856,32.3998718261719,,34.1421852111816,65.6188812255859,122.382606506348,,,,74.3419189453125
148,2010-09-01,81.5820770263672,20623.830078125,8927.01953125,8.35000038146973,1764.68994140625,3135.22290039063,28.5123443603516,30.6196308135986,31.7965183258057,,33.3382720947266,67.4266204833984,122.910285949707,,,,80.0372772216797
149,2010-10-01,86.6776657104492,20623.830078125,9404.23046875,8.44999980926514,1876.72998046875,3547.009765625,31.7595291137695,33.182487487793,34.8208122253418,,36.5217628479004,68.1825256347656,122.312919616699,,,,79.2822723388672
150,2010-11-01,89.6512680053711,23652.939453125,9154.7197265625,8.55000019073486,1914.73999023438,3645.03881835938,33.0547103881836,34.1645812988281,35.7182884216309,,37.4864692687988,69.4528961181641,121.944541931152,,,,75.7790603637695
151,2010-12-01,91.5159301757813,23249.80078125,9988.0498046875,7.40000009536743,1929.31994628906,3618.98657226563,32.5736427307129,32.7587127685547,35.3789176940918,,37.0282287597656,66.6230697631836,119.46541595459,,,,73.1578750610352
152,2010-12-31,95.5439224243164,23249.80078125,9988.0498046875,8.14999961853027,1929.31994628906,3618.98657226563,36.042854309082,34.5845108032227,36.9456100463867,,38.6191635131836,66.5988922119141,119.853706359863,,,,72.0534591674805
153,2011-02-01,99.4293975830078,23482.94921875,10274.5,7.84999990463257,2072.03002929688,3442.39892578125,32.046314239502,36.6628150939941,36.4391937255859,,38.0355072021484,66.2114868164063,118.778434753418,,,,69.4875946044922
154,2011-03-01,99.5448608398438,23396.419921875,10754.0302734375,7.34999990463257,2072.03002929688,3512.5126953125,32.1850776672363,36.2753410339356,35.2422027587891,,36.7384796142578,65.8993072509766,118.55940246582,,,,71.1915054321289
155,2011-04-01,101.672149658203,23801.900390625,9708.3896484375,7.65000009536743,2121.01000976563,3707.37719726563,35.3212661743164,37.0643768310547,38.1733055114746,,40.0864410400391,67.017707824707,117.812683105469,,,,71.351676940918
156,2011-05-02,103.96688079834,23801.900390625,10004.2001953125,7.19999980926514,2228.9599609375,3849.18579101563,32.7124099731445,39.5865364074707,38.7641296386719,,40.5404052734375,67.9731597900391,117.812683105469,,,,72.7840347290039
157,2011-06-01,100.62833404541,23626.4296875,9719.6103515625,6.84999990463257,2141.34008789063,3837.64721679688,34.2758750915527,37.5152702331543,37.1374397277832,,38.635383605957,69.0016937255859,118.808303833008,,,,76.17041015625
158,2011-07-01,102.69783782959,23626.4296875,9868.0703125,7.05000019073486,2125.73999023438,3926.9814453125,35.0714645385742,38.0929679870606,37.7359275817871,,39.4311256408691,69.6492004394531,118.390144348145,,,,73.2913970947266
159,2011-08-01,98.7450256347656,22663.369140625,9965.009765625,7.65000009536743,2172.31005859375,4193.31640625,33.1102027893066,35.352409362793,37.0453681945801,,38.538688659668,71.450439453125,120.401313781738,,,,77.4230499267578
160,2011-09-01,92.6535720825195,20585.330078125,9060.7998046875,7.15000009536743,1880.69995117188,4193.31640625,31.3062171936035,32.1750640869141,33.5464706420898,,34.8133659362793,71.268928527832,118.340354919434,,,,85.8414840698242
161,2011-09-30,87.1424179077148,20585.330078125,9060.7998046875,6.0,1880.69995117188,4193.31640625,28.0590305328369,28.6454658508301,27.4924411773682,,28.7382106781006,67.7720031738281,118.36026763916,,,,95.1605987548828
162,2011-11-01,93.9595794677734,19369.9609375,8835.51953125,7.15000009536743,1909.63000488281,3684.90258789063,29.113676071167,30.864688873291,31.16015625,,32.6027297973633,71.2422027587891,120.729873657227,,,,94.5801391601563
163,2011-12-01,96.2514953613281,19002.259765625,8597.3798828125,7.59999990463257,1916.18005371094,3780.98706054688,31.2692127227783,30.9421787261963,31.2599067687988,,32.660041809082,70.6608047485352,115.940895080566,,,,92.8687210083008
164,2012-01-02,96.2514953613281,19002.259765625,8597.3798828125,7.59999990463257,1826.36999511719,3809.02685546875,31.2692127227783,30.9421787261963,31.2599067687988,,32.660041809082,70.6608047485352,115.940895080566,,,,92.8687210083008
165,2012-02-01,102.687469482422,20333.369140625,8809.7900390625,8.0,1959.23999023438,3964.8583984375,31.0471858978272,32.8862686157227,34.024528503418,,35.5768737792969,72.3599243164063,122.521995544434,,,,95.1315460205078
166,2012-03-01,106.809455871582,21387.9609375,9707.3701171875,8.25,1959.23999023438,3962.16821289063,32.8696746826172,34.41259765625,35.4228973388672,,36.9903602600098,74.480827331543,122.711166381836,,,,92.8521728515625
167,2012-04-02,110.457244873047,20522.259765625,10109.8701171875,7.75,2029.2900390625,4165.9482421875,34.5071487426758,34.5305824279785,34.5351524353027,,35.990177154541,74.525520324707,123.428024291992,,,,90.2613525390625
168,2012-05-01,109.544891357422,20522.259765625,9350.9501953125,7.84999990463257,2029.2900390625,4195.859375,33.9705848693848,33.4319114685059,33.6710014343262,,35.1304931640625,75.5674362182617,123.746620178223,,,,93.6154022216797
169,2012-06-01,99.855842590332,18558.33984375,8440.25,5.59999990463257,1834.51000976563,3799.6533203125,30.8806629180908,28.491605758667,29.1302089691162,,30.3279647827148,72.2854919433594,123.378234863281,,,,105.032287597656
170,2012-07-02,106.84651184082,18558.33984375,9003.48046875,5.75,1851.65002441406,3991.42163085938,31.7132720947266,31.8023414611816,31.4006023406982,,32.7319946289063,76.9022064208984,123.444938659668,,,,101.91561126709
171,2012-08-01,107.746398925781,19820.380859375,8641.849609375,5.34999990463257,1879.93005371094,4130.34228515625,30.8066596984863,31.7433586120605,31.5341567993164,,32.7821769714356,79.610237121582,125.481994628906,,,,104.202026367188
172,2012-08-31,110.46297454834,19820.380859375,8641.849609375,4.75,1879.93005371094,4130.34228515625,32.4533729553223,33.1664581298828,31.5105934143066,,32.8574638366699,80.2681579589844,125.855361938477,,,,103.344345092773
173,2012-10-01,113.607582092285,19820.380859375,8796.509765625,5.25,1879.93005371094,4236.1669921875,33.1379661560059,34.524169921875,33.5338592529297,,34.9152336120606,81.7823867797852,126.398979187012,,,,101.100570678711
174,2012-11-01,112.421836853027,21821.869140625,8946.8701171875,4.30000019073486,1898.43994140625,4335.2333984375,25.6722106933594,35.1200714111328,33.4861373901367,40.3349189758301,34.9821586608887,81.9784317016602,127.548919677734,,,,99.4186096191406
175,2012-11-30,111.824722290039,21821.869140625,8946.8701171875,3.9000000953674303,1898.43994140625,4335.2333984375,26.8286151885986,35.6028099060059,33.4225044250488,40.3349189758301,34.9570693969727,82.9451141357422,127.278106689453,,,,101.401260375977
176,2013-01-02,115.720809936523,23311.98046875,8946.8701171875,3.15000009536743,2031.09997558594,4346.345703125,29.7242641448975,37.584434509277294,36.5399017333984,43.9452972412109,38.0678062438965,83.7690277099609,127.852584838867,,,,97.5568695068359
177,2013-02-01,119.860412597656,23721.83984375,11191.33984375,3.75,1957.7900390625,4481.5009765625,31.2692127227783,39.1279602050781,36.0496978759766,43.2769508361816,37.4700965881348,81.2958831787109,126.602081298828,,,,94.4860916137695
178,2013-03-01,120.538902282715,22880.220703125,11606.3798828125,4.59999990463257,1957.7900390625,4811.47021484375,30.5383625030518,37.3107109069824,35.0130424499512,42.4188499450684,36.4598999023438,81.0338287353516,127.169586181641,,,,97.4426193237305
179,2013-04-01,124.194717407227,22880.220703125,12135.01953125,4.09999990463257,1995.98999023438,4937.4287109375,30.8529109954834,37.3228034973145,34.2162246704102,41.4947319030762,35.6180572509766,80.6577606201172,127.169586181641,,,,97.2352523803711
180,2013-05-01,125.954544067383,22880.220703125,13799.349609375,3.70000004768372,1995.98999023438,5060.7685546875,30.7696495056152,38.9883918762207,34.8438987731934,42.0393028259277,36.047401428222706,83.6159362792969,129.42170715332,,,,102.067596435547
181,2013-05-31,130.08659362793,22880.220703125,13799.349609375,3.34999990463257,1995.98999023438,5060.7685546875,32.6013984680176,39.2481651306152,33.427619934082,40.6118583679199,34.6836280822754,79.3723526000977,128.064651489258,,,,94.1991195678711
182,2013-07-01,129.033355712891,22880.220703125,13852.5,2.25,1855.72998046875,4777.310546875,31.5652465820313,37.9603538513184,31.6946964263916,38.3733329772949,32.9388084411621,76.3899459838867,125.87328338623,,,,91.3011627197266
183,2013-08-01,136.539428710938,22088.7890625,14005.76953125,2.29999995231628,1920.73999023438,4624.19873046875,33.7855529785156,40.7575149536133,32.445068359375,39.3726348876953,33.8769798278809,75.7877502441406,126.966484069824,,,,87.3441390991211
184,2013-09-02,136.539428710938,22175.33984375,13572.919921875,2.29999995231628,1924.81005859375,4101.111328125,33.7855529785156,40.7575149536133,32.445068359375,39.3726348876953,33.8769798278809,75.7877502441406,125.453125,,,,87.3441390991211
185,2013-10-01,136.084808349609,22175.33984375,14484.7197265625,3.20000004768372,1998.86999511719,4345.76953125,37.4953079223633,42.903106689453104,33.6609764099121,41.2629928588867,35.4548454284668,76.5626220703125,126.451751708984,,,,88.1708145141602
186,2013-11-01,141.588424682617,23249.7890625,14201.5703125,3.6500000953674303,2039.42004394531,4432.45703125,37.9023666381836,44.1231002807617,34.4175758361816,42.1290588378906,36.2309722900391,77.9739456176758,127.986999511719,,,,88.7332458496094
187,2013-12-02,145.071762084961,24038.55078125,15655.0703125,3.5,2030.78002929688,4321.8486328125,41.3623275756836,44.4515686035156,33.4718284606934,41.1464042663574,35.3610229492188,76.0947418212891,127.292045593262,,,,86.6004028320313
188,2014-01-02,147.828918457031,23340.05078125,15655.0703125,3.15000009536743,1967.18994140625,4327.13671875,39.9191513061523,45.1953582763672,32.8255844116211,40.4123458862305,34.5876617431641,77.0419082641602,126.810165405273,,,,85.9080429077148
189,2014-01-31,143.951126098633,23340.05078125,15655.0703125,3.24000000953674,1967.18994140625,4327.13671875,39.5213317871094,44.0644989013672,31.1470832824707,38.5291900634766,32.866455078125,76.4009017944336,128.496765136719,,,,91.0455856323242
190,2014-02-28,150.51628112793,23340.05078125,15655.0703125,3.48000001907349,1967.18994140625,4327.13671875,40.437198638916,47.3000297546387,32.1558303833008,39.8322677612305,33.9766273498535,79.0327224731445,128.473861694336,,,,91.5227127075195
191,2014-04-01,152.835510253906,22448.5390625,14791.990234375,4.78000020980835,1991.97998046875,4873.7890625,40.5297088623047,47.3852691650391,33.9671478271484,41.6902122497559,35.7064437866211,80.4312362670898,128.876098632813,,,,91.404914855957
192,2014-05-01,152.844345092773,22448.5390625,14485.1298828125,3.9800000190734894,1991.97998046875,4873.7890625,37.9208717346191,48.2942276000977,33.9671478271484,41.7154312133789,35.6117782592773,80.8022537231445,130.188323974609,,,,95.1342239379883
193,2014-06-02,156.554000854492,22448.5390625,14935.919921875,4.05000019073486,2002.0,4911.94482421875,40.094898223877,48.5892448425293,35.1693000793457,42.9596633911133,36.7305641174316,83.6371917724609,130.615447998047,,,,96.1803741455078
194,2014-07-01,160.727661132813,22448.5390625,15326.2001953125,4.63000011444092,1999.0,4884.68017578125,43.0645446777344,48.9750633239746,36.4320831298828,44.2038192749023,37.853824615478494,83.5723190307617,131.455780029297,,,,95.8479080200195
195,2014-08-01,156.967010498047,24532.4296875,15523.1103515625,4.21999979019165,2073.10009765625,4884.68017578125,41.038536071777294,46.0741653442383,36.817169189453104,44.6277961730957,38.2181396484375,82.8273162841797,132.11686706543,,,,98.0523071289063
196,2014-09-01,156.967010498047,24752.08984375,15476.599609375,4.21999979019165,2067.86010742188,5177.46435546875,41.038536071777294,46.0741653442383,36.817169189453104,44.6277961730957,38.2181396484375,82.8273162841797,132.951202392578,,,,98.0523071289063
197,2014-10-01,159.244186401367,24752.08984375,16082.25,3.83999991416931,1991.5400390625,5140.76025390625,43.0737991333008,44.4700927734375,34.6057662963867,41.7193107604981,35.312313079834,83.1764068603516,133.333526611328,,,,101.677101135254
198,2014-10-31,165.28271484375,24752.08984375,16082.25,4.09999990463257,1991.5400390625,5140.76025390625,43.3412475585938,44.103702545166,36.0691680908203,42.7622985839844,36.5613822937012,84.3160247802734,133.678009033203,,,,102.554267883301
199,2014-12-01,168.563583374023,23367.44921875,17590.099609375,4.40000009536743,1965.21997070313,5164.134765625,44.2794036865234,44.9911613464356,35.0202598571777,41.5412483215332,35.381706237793,83.4523696899414,133.494812011719,,,,104.981407165527
200,2015-01-02,169.25016784668,23721.30078125,17590.099609375,4.40999984741211,1926.43994140625,5242.61328125,44.2979774475098,42.6833686828613,33.6112251281738,40.0696411132813,34.1132507324219,81.3933181762695,134.290328979492,,,,110.243057250977
201,2015-02-02,166.317153930664,24484.740234375,17558.0390625,4.09000015258789,1952.68005371094,5276.07958984375,50.4935722351074,43.6247978210449,34.5373191833496,41.118896484375,34.9491348266602,83.2914428710938,135.170455932617,,,,119.28099822998
202,2015-03-02,174.670440673828,24887.439453125,18826.880859375,4.19999980926514,1996.81005859375,5477.66845703125,53.6436157226563,45.8187294006348,35.4634208679199,42.107948303222706,35.7938346862793,83.7283630371094,135.214248657227,,,,110.290054321289
203,2015-04-01,170.187469482422,25082.75,19034.83984375,3.8499999046325697,2028.44995117188,5466.705078125,56.8769607543945,45.0741119384766,35.2525749206543,42.1423530578613,35.7498474121094,84.4401931762695,135.156509399414,,,,115.103096008301
204,2015-05-01,174.34407043457,25082.75,19531.630859375,3.48000001907349,2028.44995117188,5466.705078125,58.0976104736328,46.9017791748047,37.584587097168,44.7568969726563,37.9583587646484,85.1488418579102,134.350067138672,,,,108.242462158203
205,2015-06-01,175.033874511719,27597.16015625,20569.869140625,3.46000003814697,2102.3701171875,5213.6611328125,58.0816307067871,46.3748741149902,36.0100479125977,42.873390197753906,36.0401954650879,84.3313064575195,133.161285400391,,,,105.965179443359
206,2015-07-01,172.510223388672,27597.16015625,20329.3203125,3.79999995231628,2097.88989257813,4903.9169921875,58.137699127197294,45.3532676696777,35.1155662536621,41.7544212341309,35.0939788818359,83.568962097168,130.447204589844,,,,101.367637634277
207,2015-07-31,174.84065246582,27597.16015625,20329.3203125,3.57999992370605,2097.88989257813,4903.9169921875,63.6982154846191,46.3399353027344,32.9165458679199,38.9598045349121,32.9044761657715,83.386474609375,132.358795166016,,,,107.425857543945
208,2015-09-01,159.427825927734,21185.4296875,18165.689453125,4.03000020980835,1914.22998046875,4412.328125,54.9155578613281,41.8915710449219,28.5099143981934,34.0995941162109,28.8357467651367,82.5089111328125,130.427276611328,,,,107.453880310059
209,2015-10-01,160.499435424805,21185.4296875,17722.419921875,4.07999992370606,1979.31994628906,4254.75,54.3435211181641,41.303714752197294,28.9103679656982,34.8372993469238,29.2169094085693,81.3349914550781,130.048950195313,,,,109.247657775879
210,2015-11-02,175.717422485352,22370.0390625,18683.240234375,4.26000022888184,2035.23999023438,4464.826171875,66.6282501220703,44.2605857849121,30.9131927490234,37.4409904479981,31.5216407775879,83.6067123413086,131.661865234375,,,,107.840972900391
211,2015-12-01,176.033920288086,22381.349609375,20012.400390625,3.85999989509583,2023.93005371094,4557.53271484375,66.3884048461914,43.5465698242188,29.815990447998,36.1912231445313,30.3604145050049,84.0444869995117,132.697311401367,,,,108.849464416504
212,2015-12-31,171.371322631836,22381.349609375,20012.400390625,3.7200000286102304,2023.93005371094,4557.53271484375,67.8655853271484,42.0724143981934,28.623104095459,34.6626205444336,28.9790229797363,82.5288772583008,132.697311401367,,,,107.079635620117
213,2016-02-01,162.77912902832,19595.5,17865.23046875,3.88000011444092,1924.81994628906,4624.49755859375,63.7351226806641,39.7022552490234,26.706729888916,32.5770530700684,27.2595500946045,82.1519775390625,131.791290283203,,,,112.701126098633
214,2016-03-01,166.48876953125,19407.4609375,16085.509765625,3.7899999618530305,1924.81994628906,4779.84326171875,67.4988021850586,39.5251274108887,27.8705596923828,33.7034378051758,28.2678279876709,84.9907379150391,132.697311401367,,,,114.483779907227
215,2016-04-01,174.724212646484,20498.919921875,16164.16015625,3.70000004768372,1973.56994628906,4843.0419921875,70.4248809814453,40.867713928222706,30.3988189697266,36.5545959472656,30.7435169219971,87.0200500488281,134.160888671875,,,,116.731101989746
216,2016-05-02,175.638061523438,20498.919921875,16147.3798828125,3.9300000667572,1978.15002441406,4808.17626953125,71.7369079589844,42.640510559082,30.5390663146973,36.7833862304688,30.8785514831543,88.1253967285156,134.160888671875,,,,114.406303405762
217,2016-06-01,177.612060546875,20760.98046875,16955.73046875,4.82999992370606,1982.71997070313,4839.5244140625,74.5067596435547,42.0213012695313,29.6011524200439,35.6218109130859,29.7982521057129,88.2566070556641,134.608917236328,,,,116.973434448242
218,2016-07-01,178.20832824707,20760.98046875,15682.48046875,5.19000005722046,1987.31994628906,4971.43359375,72.8218231201172,40.4178428649902,31.3156127929688,37.4345626831055,31.475025177002,91.9732513427734,135.99284362793,,,,126.308990478516
219,2016-08-01,184.130889892578,22129.140625,16635.76953125,4.51999998092651,2029.60998535156,5361.4169921875,81.407470703125,41.3175582885742,32.5597686767578,38.9621429443359,32.7906494140625,92.5240783691406,137.575897216797,,,,125.819442749023
220,2016-09-01,184.599182128906,23162.33984375,16926.83984375,5.46999979019165,2032.71997070313,5334.388671875,84.778564453125,42.3902931213379,33.1156616210938,39.7525749206543,33.3985557556152,93.9862747192383,137.755096435547,,,,126.048355102539
221,2016-09-30,184.63508605957,23162.33984375,16926.83984375,5.01000022888184,2032.71997070313,5334.388671875,79.7167434692383,42.3845291137695,33.6048126220703,40.5074844360352,33.9792404174805,94.4942092895508,137.058166503906,,,,124.010215759277
222,2016-11-01,180.024063110352,23147.0703125,17442.400390625,4.25,2007.39001464844,5416.0068359375,75.1962280273438,40.723258972168,33.4619293212891,39.7525749206543,33.4257698059082,92.7651977539063,135.714080810547,,,,118.586822509766
223,2016-12-01,187.300247192383,22878.23046875,18513.119140625,4.0,1983.75,5198.7548828125,73.5127410888672,39.8708724975586,31.9794902801514,37.9852027893066,31.8288879394531,88.3614883422852,133.483856201172,,,,107.688636779785
224,2017-01-03,193.273818969727,22150.400390625,18513.119140625,3.79999995231628,2043.96997070313,5275.97119140625,75.008918762207,42.0367584228516,32.4568061828613,38.6409530639648,32.5140037536621,90.487419128418,134.429718017578,,,,108.797714233398
225,2017-02-01,195.351974487305,23318.390625,19148.080078125,3.34999990463257,2080.47998046875,5327.1611328125,79.8119201660156,43.2690124511719,34.0271530151367,40.7931747436523,34.2851600646973,91.7572708129883,133.444046020508,,,,108.540863037109
226,2017-03-01,205.798187255859,23776.490234375,19393.5390625,3.0,2080.47998046875,5363.05615234375,91.6446685791016,43.845817565918,35.2744522094727,42.1799583435059,35.4047546386719,93.3106460571289,134.728393554688,,,,109.087753295898
227,2017-03-31,203.179107666016,23776.490234375,19393.5390625,3.15000009536743,2080.47998046875,5363.05615234375,92.8967971801758,45.3137397766113,35.7057952880859,43.0354537963867,36.1480827331543,93.7559051513672,134.170837402344,,,,110.219970703125
228,2017-05-01,205.601791381836,23776.490234375,19310.51953125,3.54999995231628,2080.47998046875,5363.05615234375,96.1848449707031,47.2644119262695,36.406982421875,44.0620346069336,36.974006652832,95.2296905517578,134.170837402344,,,,111.023246765137
229,2017-06-01,209.711013793945,25809.220703125,19860.029296875,3.5,2344.61010742188,5363.05615234375,99.7095642089844,49.7335243225098,36.892398834228494,45.2777252197266,38.1303100585938,96.2474060058594,135.216247558594,,,,114.079475402832
230,2017-06-30,209.38069152832,25809.220703125,19860.029296875,3.6500000953674303,2344.61010742188,5363.05615234375,98.7222442626953,49.1371955871582,36.9341812133789,45.3866958618164,38.1594772338867,95.3965454101563,133.971710205078,,,,114.970794677734
231,2017-08-01,214.181228637695,27540.23046875,19985.7890625,3.75,2422.9599609375,5805.205078125,105.91145324707,50.8214454650879,39.068992614746094,48.1167907714844,40.5012245178223,96.6338577270508,135.425338745117,,,41.0549163818359,115.01579284668
232,2017-09-01,214.733306884766,27953.16015625,19691.470703125,3.45000004768372,2357.68994140625,5805.205078125,111.052108764648,50.6610488891602,40.3625526428223,49.3321838378906,41.6352272033691,98.3494338989258,135.694152832031,,,41.2852058410645,117.203735351563
233,2017-10-02,219.5439453125,27953.16015625,20400.779296875,3.9300000667572,2357.68994140625,5914.02978515625,112.52384185791,52.034141540527294,39.9112701416016,49.0147209167481,41.3217620849609,98.1651077270508,135.086822509766,,,41.4149551391602,115.152320861816
234,2017-11-01,224.123474121094,28594.060546875,22420.080078125,3.8499999046325697,2556.46997070313,6038.14599609375,113.110595703125,52.3741111755371,40.945442199707,50.8740921020508,42.8890724182129,98.5167770385742,136.550384521484,,,41.5961036682129,115.832595825195
235,2017-12-01,230.151123046875,29074.240234375,22819.029296875,4.0,2475.40991210938,5952.13818359375,124.418426513672,52.1862335205078,40.3139572143555,50.3571014404297,42.262149810791,98.5512313842773,136.460784912109,,,41.4734840393066,117.743881225586
236,2018-01-02,235.098495483398,30515.310546875,22819.029296875,3.6500000953674303,2475.40991210938,6339.23779296875,123.193061828613,53.5536651611328,42.9422721862793,53.529964447021506,44.933555603027294,99.7076110839844,135.206314086914,,,41.7029228210449,117.004592895508
237,2018-02-01,246.358444213867,32642.08984375,23486.109375,3.59999990463257,2568.5400390625,6598.458984375,141.178024291992,56.2880096435547,45.3974304199219,56.003421783447294,47.1142501831055,98.7737731933594,134.778182983398,,,41.7939109802246,112.772796630859
238,2018-03-01,234.238845825195,31044.25,21724.470703125,3.8499999046325697,2568.5400390625,6606.05322265625,137.997024536133,52.1685028076172,43.3652648925781,53.4561347961426,44.8586845397949,96.3076934814453,134.768218994141,,,41.5210762023926,111.708267211914
239,2018-04-02,226.109481811523,31044.25,21388.580078125,4.25,2444.15991210938,6240.57080078125,141.179718017578,51.8629035949707,42.6480178833008,52.8839149475098,44.371997833252,97.0083389282227,134.768218994141,,,41.3217430114746,114.348854064941
240,2018-05-01,232.730728149414,31044.25,22508.029296875,4.44999980926514,2444.15991210938,6240.57080078125,145.745742797852,53.3903961181641,41.8464698791504,52.2286415100098,43.6981353759766,95.0291290283203,134.320190429688,,,41.516284942627,111.338195800781
241,2018-06-01,240.300628662109,30492.91015625,22171.349609375,4.90000009536743,2438.9599609375,6240.57080078125,158.450500488281,52.830020904541,41.5608520507813,51.8133163452148,43.361213684082,94.0924453735352,133.981689453125,,,41.5158576965332,113.378150939941
242,2018-07-02,239.86393737793,30492.91015625,21811.9296875,4.5,2271.5400390625,5746.77001953125,162.077224731445,51.3235359191895,38.7051582336426,48.2845458984375,40.4133071899414,93.0173416137695,133.623245239258,,,41.4508056640625,114.626678466797
243,2018-08-01,247.733642578125,28340.740234375,22746.69921875,4.65000009536743,2307.07006835938,6033.4189453125,158.062606811523,53.130184173584,40.383544921875,50.0153121948242,41.8828811645508,95.0113143920898,133.882110595703,,,42.0062828063965,112.14697265625
244,2018-08-31,256.051147460938,28340.740234375,22746.69921875,4.75,2307.07006835938,6033.4189453125,175.385726928711,51.9872016906738,38.9833374023438,48.6753730773926,40.6676559448242,93.2017593383789,133.931900024414,,,42.357780456543,114.551597595215
245,2018-10-01,258.406707763672,28340.740234375,24245.759765625,4.15999984741211,2338.8798828125,5944.60107421875,174.938186645508,52.059391021728494,38.5525169372559,48.1728935241699,40.4415664672852,95.0946273803711,133.304656982422,,,42.5623435974121,110.453636169434
246,2018-11-01,242.37043762207,25416.0,21687.650390625,3.74000000953674,2024.4599609375,5835.919921875,143.307250976563,48.6911773681641,36.7890548706055,45.4930000305176,38.208946228027294,93.1488189697266,132.886489868164,,,41.7247772216797,108.109756469727
247,2018-11-30,244.695526123047,25416.0,21687.650390625,3.0,2024.4599609375,5835.919921875,153.442901611328,47.590023040771506,37.2299194335938,46.0327033996582,38.6988067626953,92.2502517700195,132.050155639648,,,41.3161964416504,109.940040588379
248,2019-01-02,222.832153320313,25130.349609375,21687.650390625,2.5699999332428,2010.0,6181.1748046875,143.528549194336,45.0325546264648,36.1451416015625,44.782718658447294,37.444263458252,94.0098495483398,132.388671875,,,40.3584823608398,116.988349914551
249,2019-02-01,240.602600097656,27930.740234375,20788.390625,3.5,2203.4599609375,6538.63818359375,168.837036132813,48.3669204711914,39.1674728393555,48.6962356567383,40.886531829834,98.6443786621094,134.016525268555,,,42.3817100524902,116.110420227051
250,2019-03-01,249.776275634766,28812.169921875,21602.689453125,3.30999994277954,2203.4599609375,6499.8837890625,186.407867431641,50.192440032959,39.3563537597656,48.3930053710938,40.628360748291,98.5457229614258,134.794097900391,,,43.1700782775879,114.143257141113
251,2019-04-01,255.783981323242,29562.01953125,21509.029296875,3.40000009536743,2168.28002929688,6452.61083984375,197.844604492188,50.8739547729492,40.8247337341309,49.7575225830078,41.7184143066406,100.565925598145,136.160110473633,,,43.5877571105957,119.899505615234
252,2019-05-01,261.100921630859,29562.01953125,21509.029296875,4.25,2168.28002929688,6452.61083984375,218.268051147461,51.7638473510742,40.8531188964844,49.7006759643555,41.6897315979004,100.537399291992,137.048202514648,,,44.1314201354981,119.697128295898
253,2019-05-31,246.329513549805,29562.01953125,21509.029296875,4.15000009536743,2168.28002929688,6452.61083984375,216.179824829102,49.2253036499023,38.4589080810547,46.5452194213867,38.9263496398926,101.061614990234,136.676834106445,,,43.3299980163574,127.358108520508
254,2019-07-01,265.682525634766,29562.01953125,21729.970703125,3.95000004768372,2129.73999023438,6379.68798828125,236.322906494141,52.543949127197294,41.1060981750488,49.8821601867676,41.834171295166,105.161331176758,138.97575378418,,,44.8377380371094,128.267532348633
255,2019-08-01,265.031646728516,27565.69921875,21540.990234375,3.7300000190734894,2017.33996582031,6381.5419921875,221.407196044922,50.789306640625,39.0669937133789,47.0971031188965,39.4543838500977,105.847206115723,140.605590820313,,39.3159370422363,45.2109794616699,131.457916259766
256,2019-09-02,265.031646728516,25626.55078125,20620.189453125,3.7300000190734894,1969.18994140625,6290.5458984375,221.407196044922,50.789306640625,39.0669937133789,47.0971031188965,39.4543838500977,105.847206115723,141.370239257813,,41.3127174377441,45.2109794616699,131.457916259766
257,2019-10-01,264.787292480469,25626.55078125,21885.240234375,4.75,2072.419921875,6138.25,213.127655029297,50.8632926940918,38.5757789611816,46.6759986877441,39.097900390625,105.349006652832,140.06396484375,,40.4864616394043,45.8529586791992,139.723434448242
258,2019-11-01,276.506378173828,27100.759765625,22850.76953125,4.76000022888184,2100.19995117188,6207.19091796875,242.381866455078,53.808414459228494,41.0072631835938,49.7290267944336,41.6414756774902,106.845184326172,139.670684814453,,39.6798782348633,46.2409133911133,137.32926940918
259,2019-12-02,281.307220458984,26444.720703125,23529.5,7.09999990463257,2091.919921875,6130.05517578125,253.580841064453,53.7796325683594,40.5923690795898,48.9729499816895,40.976676940918,105.02653503418,138.833358764648,,39.5913543701172,45.9412956237793,135.363296508789
260,2020-01-02,294.761322021484,28543.51953125,23529.5,9.35000038146973,2175.169921875,6283.5810546875,262.950378417969,57.0103912353516,44.4871826171875,53.7239570617676,45.0501556396484,108.692451477051,139.359252929688,19.6064701080322,39.6208572387695,46.9861450195313,134.305572509766
261,2020-01-31,292.134155273438,28543.51953125,23529.5,7.40000009536743,2175.169921875,6283.5810546875,282.470306396484,54.7913360595703,41.0478019714356,49.5333557128906,41.4386672973633,109.905403137207,140.558776855469,19.6601486206055,39.6208572387695,46.7235298156738,143.020065307617
262,2020-03-02,280.390350341797,26291.6796875,21344.080078125,6.75,2002.51000976563,5361.24609375,312.493774414063,51.2697944641113,40.3540687561035,48.5640296936035,40.7399864196777,109.402687072754,140.009902954102,19.762622833252,41.1968955993652,46.7541770935059,151.375305175781
263,2020-04-01,224.451461791992,23085.7890625,18065.41015625,4.90999984741211,1685.4599609375,4466.037109375,268.669616699219,40.1870231628418,31.6778697967529,38.0189819335938,32.1491622924805,89.9586563110352,138.080001831055,18.2987232208252,36.7740669250488,40.3447799682617,164.494323730469
264,2020-05-01,257.4931640625,23085.7890625,19619.349609375,5.71000003814697,1685.4599609375,4466.037109375,316.861389160156,43.8094825744629,34.2230644226074,41.299007415771506,34.7569122314453,95.9182281494141,138.080001831055,19.0427227020264,36.7740669250488,42.5312347412109,165.605010986328
265,2020-06-01,278.546600341797,23732.51953125,22062.390625,5.55999994277954,2065.080078125,4466.037109375,332.817169189453,48.422542572021506,37.4045524597168,45.1175498962402,37.9846229553223,102.873390197754,138.080001831055,19.5246677398682,39.4799995422363,44.3620796203613,160.219848632813
266,2020-07-01,284.382507324219,23732.51953125,22121.73046875,6.28999996185303,2106.69995117188,4914.38818359375,338.334838867188,49.5880317687988,39.4623832702637,47.648567199707,40.0261917114258,105.663604736328,138.080001831055,19.6520671844482,39.5999984741211,44.7087631225586,161.534576416016
267,2020-07-31,298.880523681641,23732.51953125,22121.73046875,7.03000020980835,2106.69995117188,4914.38818359375,373.118103027344,51.0157318115234,42.283935546875,51.097206115722706,42.8470306396484,109.487785339355,138.080001831055,19.9317607879639,39.5999984741211,46.8760261535645,169.027114868164
268,2020-09-01,322.743896484375,25184.849609375,23138.0703125,7.34999990463257,2349.55004882813,5310.67919921875,375.511627197266,53.1572723388672,44.318992614746094,53.587345123291,44.8364601135254,111.025062561035,138.080001831055,20.1011180877686,40.5800018310547,47.2804641723633,162.332824707031
269,2020-10-01,309.802642822266,25184.849609375,23138.0703125,6.90999984741211,2349.55004882813,4970.09423828125,357.589416503906,51.9604225158691,43.3017349243164,52.6683654785156,44.044647216796896,108.188018798828,138.080001831055,20.0174140930176,40.5800018310547,47.0128898620606,162.005172729492
270,2020-11-02,303.606628417969,24460.009765625,23295.48046875,6.94999980926514,2300.15991210938,5115.1279296875,354.914001464844,49.462703704834,44.0462646484375,53.5577011108398,44.8166656494141,107.666900634766,138.080001831055,20.0461082458496,38.7700004577637,47.4749908447266,157.433654785156
271,2020-12-01,336.463531494141,26567.6796875,26787.5390625,6.26000022888184,2634.25,5724.7421875,413.062744140625,58.1948890686035,48.1957664489746,59.0518112182617,49.1815376281738,112.311866760254,138.080001831055,20.2163715362549,40.0099983215332,49.4682769775391,156.520919799805
272,2020-12-31,345.477661132813,26567.6796875,26787.5390625,5.96999979019165,2634.25,5724.7421875,444.981689453125,59.9817352294922,50.0454788208008,62.040000915527294,51.6699981689453,114.445281982422,138.080001831055,20.3363933563232,40.0099983215332,50.3939399719238,156.912994384766
273,2021-02-01,347.531005859375,28892.859375,28091.05078125,6.46000003814697,3056.53002929688,6067.544921875,414.806701660156,60.220703125,52.9217681884766,65.620002746582,54.75,112.967979431152,138.080001831055,20.3066425323486,38.8199996948242,50.5519790649414,151.387954711914
274,2021-03-01,359.741333007813,29452.5703125,29663.5,6.92999982833862,3056.53002929688,6338.51318359375,419.31805419921903,62.0428581237793,53.8605575561523,66.4400024414063,55.1699981689453,109.593254089355,138.080001831055,20.0855712890625,38.8199996948242,50.9909477233887,140.661071777344
275,2021-04-01,371.059997558594,28938.740234375,29388.869140625,7.3899998664856,3087.39990234375,6011.4560546875,427.823608398438,64.0100021362305,52.5200004577637,65.0699996948242,53.8600006103516,109.047477722168,138.080001831055,19.9782066345215,37.6500015258789,51.117244720459,137.308639526367
276,2021-04-30,386.25,28938.740234375,29388.869140625,7.48000001907349,3087.39990234375,6011.4560546875,484.946624755859,66.0100021362305,52.9799995422363,65.4700012207031,53.9799995422363,110.791999816895,154.020004272461,20.1100006103516,37.6500015258789,51.465999603271506,138.436996459961
