Date,VFINX,VBMFX,VIX.chg,VIX.ret,SPX_SMA,VFINX_SKW,VBMFX_SKW,VIX_SKW
1992/7/31,0.0404355,0.0191388,0.99,0.054395601,59.40453805,0.14726966,-0.361634426,1.61141306
1992/8/31,-0.0206776,0.00981,1.180001,0.074542072,42.44681727,0.2030451,-0.383035605,1.611590554
1992/9/30,0.0116948,0.0126195,1.36,0.084002465,42.07681018,0.234684578,-0.484301026,1.619356046
1992/10/31,0.003287,-0.0121958,2.219999,0.146148716,38.07227673,0.197648621,-0.537941917,1.608441585
1992/11/30,0.0340222,-0.0002316,0.66,0.031398668,49.12228482,0.083761358,-0.564753187,1.583006655
1992/12/31,0.0121166,0.01476,0.85,0.049047894,50.60499182,0.041653858,-0.561918155,1.754198421
1993/1/31,0.0080547,0.0178587,1.35,0.10546875,50.39408014,0.015373417,-0.574556896,1.960254629
1993/2/28,0.0135593,0.0196496,3.38,0.229619565,52.69593405,0.496661676,-0.62128538,2.004543087
1993/3/31,0.0210749,0.0036723,2.139999,0.134591132,59.34951527,0.608042103,-0.584245484,1.961525961
1993/4/30,-0.024241,0.0074481,1.89,0.116522819,41.52819241,0.584693255,-0.520172323,1.933571575
1993/5/31,0.0265316,0.0013919,1.2,0.078688525,51.03773514,0.653439108,-0.431423741,1.95276083
1993/6/30,0.0026738,0.0179881,1.21,0.08197832,48.46865991,0.723723212,-0.435493127,1.966992957
1993/7/31,-0.0042403,0.0060959,2.54,0.172320217,41.89633436,0.858039633,-0.38492947,1.880100344
1993/8/31,0.0378519,0.0168817,0.53,0.038211968,57.30453891,0.88347994,-0.447406935,1.836831742
1993/9/30,-0.0079443,0.004,2.699999,0.217917595,47.3363785,0.967141248,-0.418548074,1.647742904
1993/10/31,0.0207852,0.0030464,1.02,0.058959541,54.86318659,0.907725813,-0.352116576,1.676442725
1993/11/30,-0.0099548,-0.0096609,1.52,0.115677321,45.32997255,1.062203777,-0.338748294,1.713322552
1993/12/31,0.0122477,0.0048181,0.97,0.061006289,47.96501141,1.290645057,-0.37921952,1.705364822
1994/1/31,0.0337668,0.0138867,0.91,0.065798988,61.83047255,1.346740582,-0.383084341,1.706028005
1994/2/28,-0.0271463,-0.0178424,4.5,0.357995227,41.77500468,1.352073837,-0.457377128,1.758650951
1994/3/31,-0.0438838,-0.0229536,2.139999,0.13408515,13.98911177,1.133316792,-0.558531842,1.721979217
1994/4/30,0.0129001,-0.0082988,3.42,0.167237156,17.48769855,1.134743972,-0.438139568,1.711876285
1994/5/31,0.0160377,4.21E-05,1.08,0.045245076,23.53772532,1.25724998,-0.380579541,1.685819836
1994/6/30,-0.024468,-0.0018499,2.599999,0.160891027,6.873200909,-0.250316829,-0.546756639,1.562312894
1994/7/31,0.0327673,0.0184452,0.57,0.034090911,21.45906859,-0.363064262,-0.659504201,1.510331858
1994/8/31,0.0407596,0.0014196,0.97,0.065013405,40.29543336,-0.329857639,-0.617274199,1.512292986
1994/9/30,-0.0244602,-0.0144351,1.39,0.108339829,22.87089705,-0.334417091,-0.607115946,1.491427752
1994/10/31,0.0224668,-0.0006789,1.44,0.098901099,32.50316236,-0.334260138,-0.542470475,1.498683991
1994/11/30,-0.0365471,-0.001833,1.17,0.068945201,8.935888182,-0.308443864,-0.470711503,1.505491818
1994/12/31,0.0146138,0.0080437,1.869999,0.101575177,15.16865968,-0.415321678,-0.456417665,1.634455454
1995/1/31,0.025832,0.0189749,1.05,0.05785124,27.73865068,-0.469312291,-0.458448761,1.638735541
1995/2/28,0.0387931,0.021733,1.67,0.117192982,46.75093186,-0.564923207,-0.398843202,1.603820956
1995/3/31,0.0295342,0.0067479,2.05,0.163868905,60.67909968,-0.590318153,-0.372827478,1.477068062
1995/4/30,0.0294118,0.0131111,0.85,0.059774965,74.32362205,-0.653129779,-0.506650017,1.555537903
1995/5/31,0.0395445,0.0395273,0.95,0.07037037,94.08725786,-0.629405146,-0.020319961,1.621781731
1995/6/30,0.0231116,0.0065549,0.77,0.058644326,103.7768248,-0.657950957,0.030125573,1.637387537
1995/7/31,0.0330401,-0.0025482,0.81,0.060223048,119.4682013,-0.700798116,0.147627393,1.642989659
1995/8/31,0.0026495,0.0117503,1.39,0.103039288,114.4500065,-0.656438706,0.170649917,1.927078587
1995/9/30,0.0421149,0.0095015,0.76,0.055152395,136.260914,-0.629640528,0.127002271,1.990753228
1995/10/31,-0.003637,0.0146505,1.21,0.091527988,125.5818395,-0.67639978,0.083161975,2.028174431
1995/11/30,0.0438036,0.0143976,0.56,0.035578145,149.635914,-0.638890161,-0.003122905,1.970990983
1995/12/31,0.0193228,0.0143781,3.11,0.23191648,154.5845227,-0.702872215,0.005089529,1.661883682
1996/1/31,0.0338542,0.0062919,2.1,0.144329897,169.1650004,-0.814011949,0.00361559,1.729112106
1996/2/29,0.0092359,-0.0176158,1.599999,0.097560915,164.3491158,-0.769731942,0.057418542,1.760354315
1996/3/31,0.0097688,-0.0077016,4.210001,0.247065772,159.9545319,-0.847588507,0.114587056,1.719176201
1996/4/30,0.0145623,-0.004903,2.899999,0.140096563,158.7140675,-0.827406966,0.159089494,1.65066942
1996/5/31,0.0254445,-0.0017337,2.550001,0.126112815,166.8400015,-0.967581698,0.14034866,1.633224046
1996/6/30,0.0038291,0.0127443,1.519998,0.081632541,157.3518264,-0.92779184,0.089558588,1.642478049
1996/7/31,-0.0442042,0.0024871,3.15,0.168991425,107.1090695,-0.831852661,0.16209006,1.514203644
1996/8/31,0.0209616,-0.0016356,1.2,0.055684457,112.7649957,-0.995899194,0.225445903,0.859881771
1996/9/30,0.0560623,0.0170177,1.870001,0.099680224,145.5986054,-0.928716053,0.404637601,0.928760037
1996/10/31,0.0275584,0.0220825,1.049999,0.05119449,154.5681904,-0.977017625,0.292528164,1.080003692
1996/11/30,0.0756366,0.0175862,1.32,0.071428571,206.0727428,-0.607474372,0.174976079,1.10749219
1996/12/31,-0.0195853,-0.0085471,1.800001,0.09977832,170.0177498,-0.597123573,0.158493464,1.249849631
1997/1/31,0.0621657,0.0024695,1.379999,0.062755753,212.540444,-0.509983587,0.263820595,1.325263369
1997/2/28,0.0078944,0.0011417,1.75,0.082781461,202.8099758,-0.419985613,0.265308164,1.325836299
1997/3/31,-0.0413572,-0.0097441,2.18,0.101821579,145.24909,-0.525788703,0.344242413,1.339819438
1997/4/30,0.0595558,0.0148857,1.35,0.060975613,188.238589,-0.506732767,0.235969746,1.357288201
1997/5/31,0.0608812,0.0087127,2.619999,0.122774086,234.1586113,-0.526231161,0.172581637,1.27691167
1997/6/30,0.0445364,0.0116427,1.659999,0.076958693,263.7208809,-0.602155216,0.143247159,1.306401002
1997/7/31,0.0796567,0.0280204,1.74,0.079743355,333.5000529,-0.464159547,0.185218159,1.317908471
1997/8/31,-0.0560905,-0.0085329,2.74,0.116546151,241.8868327,-0.562302119,0.291143501,1.319567882
1997/9/30,0.0546897,0.0144838,1.350001,0.054523465,285.369152,-0.583127406,0.232379443,1.500497474
1997/10/31,-0.0335025,0.0144534,7.950001,0.305886918,223.7382059,-0.479435999,0.223470229,1.65268367
1997/11/30,0.0459851,0.0032803,3.7,0.096858636,259.4150144,-0.485236689,-0.22825127,1.643169559
1997/12/31,0.0172497,0.0103785,3.08,0.081395349,259.879949,-0.4689548,-0.258876687,1.657859519
1998/1/31,0.0111025,0.0132012,2.680001,0.088536538,252.4935825,-0.41171499,-0.378008192,1.670051437
1998/2/28,0.0719227,-0.0009538,1.039999,0.036249528,321.7013906,-0.4675003,-0.274384369,1.614931783
1998/3/31,0.0510369,0.003274,2.030001,0.094199587,366.0145485,-0.473706469,-0.220154142,1.62595223
1998/4/30,0.0100773,0.0051041,4.120001,0.167072222,352.591836,-0.5083613,-0.157486343,1.471063811
1998/5/31,-0.0174351,0.0101982,3.08,0.118052894,297.9958547,-0.377226178,-0.138218274,1.515014344
1998/6/30,0.0407157,0.0080769,3.16,0.135100476,326.8663634,-0.42406731,-0.102962792,1.725406856
1998/7/31,-0.0105413,0.0022517,2.76,0.106399379,282.6945165,-0.319558438,-0.066171772,1.81855974
1998/8/31,-0.1447356,0.0189941,7.41,0.293465347,47.18002836,-1.198596305,0.078785041,1.610145804
1998/9/30,0.0641111,0.0196109,5.630001,0.127145464,112.651406,-1.21906261,-0.003536733,1.874604101
1998/10/31,0.0816413,-0.0055417,2.529999,0.055862198,201.2377594,-1.184839333,-0.008509183,1.934101914
1998/11/30,0.0607157,0.0048643,3.92,0.085701789,266.737749,-1.197982044,-0.046176958,1.993674499
1998/12/31,0.0580516,0.0038469,3.59,0.122609285,329.2204648,-1.264587202,0.036577686,1.942047748
1999/1/31,0.042036,0.007926,2.869999,0.091663976,365.4213314,-1.466783734,-0.01353781,2.134500339
1999/2/28,-0.0312447,-0.0176699,2.34,0.070952092,282.893655,-1.323071819,-0.312162999,2.16143719
1999/3/31,0.0399647,0.0056107,2.27,0.072385202,321.7431419,-1.320324583,-0.250571496,2.168328981
1999/4/30,0.0385198,0.004006,2.52,0.086242303,360.2558923,-1.335135956,-0.232963075,2.215152595
1999/5/31,-0.0238905,-0.0083045,3.220001,0.121877403,294.0617957,-1.226898931,-0.126688254,2.171953446
1999/6/30,0.0555602,-0.0054679,1.739999,0.060207578,361.8432115,-1.358829301,-0.113175267,2.154165632
1999/7/31,-0.0313017,-0.0038838,2.720001,0.102178847,277.9877822,-1.204667484,-0.072764335,2.163189468
1999/8/31,-0.004965,-0.0007819,2.799999,0.112089632,242.2344911,-1.172231961,-0.05822075,2.136909986
1999/9/30,-0.0273898,0.0125776,2.649999,0.093145832,170.6936093,-1.203322144,-0.15234805,2.144799515
1999/10/31,0.0632644,0.0033299,3.119999,0.11206893,256.03813,-1.198009649,-0.07150284,2.151607805
1999/11/30,0.0202301,0.000206,2.07,0.072,266.9872495,-1.179814444,0.008392865,2.188988325
1999/12/31,0.0597762,-0.0048033,2.430001,0.100496319,351.5309389,-1.171317606,0.126468782,2.18546941
2000/1/31,-0.0503214,-0.0017364,3.25,0.131260097,229.9781551,-1.050466476,-0.170626761,2.120007935
2000/2/29,-0.0190632,0.0117597,2.83,0.104776009,175.9740989,-1.123024422,-0.28606028,2.139752744
2000/3/31,0.0975992,0.0140314,2.809999,0.108076885,333.0263785,-0.969627393,-0.290331377,2.186709873
2000/4/30,-0.030055,-0.004891,4.090002,0.160581161,249.1491423,-0.976376814,-0.177571379,2.183711964
2000/5/31,-0.0203838,-0.0016369,3.129999,0.093460699,187.4622965,-0.85934277,-0.125657547,2.18607204
2000/6/30,0.02487,0.0214905,1.389999,0.043945591,203.2135952,-0.87229447,0.033863236,2.020460568
2000/7/31,-0.0149087,0.0088033,1.33,0.057700653,144.2631721,-0.814754103,0.049430396,1.959552475
2000/8/31,0.0618994,0.0139834,0.800002,0.037807278,239.3490326,-0.833420678,-0.058996157,1.972607232
2000/9/30,-0.0528941,0.0076029,2.289999,0.11143548,109.4167868,-0.67862964,-0.103287725,1.941118777
2000/10/31,-0.004299,0.0056674,3.94,0.180073134,86.68322736,-0.649624754,-0.109175855,1.893332331
2000/11/30,-0.0787759,0.0158214,2.620001,0.085873517,-73.83312982,-0.606902132,-0.105315633,1.946692104
2000/12/31,0.0050494,0.0178557,4.57,0.154131535,-71.77408677,-0.561145341,-0.104315771,1.871733332
2001/1/31,0.0354505,0.0176004,3.14,0.098928796,-13.38221859,-0.634066187,-0.173073366,1.885060215
2001/2/28,-0.0913774,0.0090873,2.57,0.085695232,-182.6691285,-0.201349393,-0.188234688,0.405038552
2001/3/31,-0.0635631,0.0053854,4.699999,0.165784797,-285.0017756,-0.094964413,-0.203470923,0.459779518
2001/4/30,0.0777062,-0.0046443,3.510002,0.106881912,-153.1795262,-0.10538193,-0.203847035,0.424356364
2001/5/31,0.0064997,0.0073353,1.550001,0.044642885,-138.702753,-0.050541517,-0.228511953,0.355787579
2001/6/30,-0.0244547,0.005249,1.67,0.064778896,-177.1605005,0.06008871,-0.24360961,0.464334608
2001/7/31,-0.0099982,0.0222809,1.770001,0.076391929,-191.2059494,0.14769763,-0.142933779,0.491020342
2001/8/31,-0.0627402,0.011097,2.379999,0.094294731,-284.7594879,0.137201369,0.123445436,0.455026088
2001/9/30,-0.0809097,0.0089484,9.919998,0.390397403,-392.964145,0.204402503,0.086322174,2.796972167
2001/10/31,0.0189504,0.018613,3.77,0.086191125,-340.9459451,0.229687005,0.009885857,2.796958619
2001/11/30,0.0765379,-0.013378,1.909999,0.054092295,-212.2913152,0.150121148,-0.141926869,2.787113194
2001/12/31,0.0087396,-0.0057797,2.399999,0.074280375,-186.2077419,0.200519072,-0.143961467,2.812830194
2002/1/31,-0.0147323,0.0068867,3.210001,0.123890428,-188.3645625,0.176499701,-0.217910656,2.771856023
2002/2/28,-0.0193616,0.0085251,3.75,0.154004107,-199.0809324,0.202106395,-0.305908682,2.651047698
2002/3/31,0.0374323,-0.0146033,0.71,0.027213492,-124.7422094,0.095608839,-0.355411549,2.493505357
2002/4/30,-0.0607463,0.01692,2.109998,0.102926732,-200.9981745,0.211230935,-0.428330229,2.507268606
2002/5/31,-0.0075438,0.0079941,2.369998,0.098544619,-190.9740652,0.263293178,-0.505506038,2.507069221
2002/6/30,-0.0713453,0.0028966,3.390001,0.150266008,-267.0545991,0.370557136,-0.558729073,2.39390434
2002/7/31,-0.0771926,0.0048371,3.879999,0.13652354,-344.973211,0.342354246,-0.622729483,2.380117549
2002/8/31,0.0065259,0.016614,4.920002,0.109528099,-305.5418261,0.293583562,-0.623249069,2.373781641
2002/9/30,-0.1087479,0.0152878,7.330002,0.16259986,-417.1172264,0.116551114,-0.622736196,2.238448714
2002/10/31,0.0878289,-0.0061197,3.18,0.078228778,-288.7490514,0.142113242,-0.623414577,2.381140349
2002/11/30,0.0587517,0.0002439,1.899999,0.044559077,-188.6936143,0.068016212,-0.638430028,2.323849778
2002/12/31,-0.0589273,0.0207052,2.179998,0.069382495,-246.1353979,0.183427977,-0.654465236,2.377043843
2003/1/31,-0.0262477,0.0005154,3.979999,0.129304707,-261.3845267,0.202530612,-0.56729961,2.348874808
2003/2/28,-0.015186,0.0137579,1.739998,0.050158491,-255.4654874,0.266826589,-0.567009135,2.394576567
2003/3/31,0.0095689,-0.0012667,2.230001,0.064957788,-219.368669,0.170773437,-0.480119624,2.396468277
2003/4/30,0.0825348,0.0086766,0.92,0.027372805,-100.9291385,0.172356864,-0.509861675,2.495916794
2003/5/31,0.0526378,0.0182301,2.11,0.072433919,-17.38229623,0.056142235,-0.496139869,2.493838247
2003/6/30,0.0125993,-0.001348,1.440001,0.066697591,8.636807045,0.043992541,-0.384060736,2.643695003
2003/7/31,0.0174406,-0.0333788,1.120001,0.050564379,34.77587327,0.063915927,-1.076159746,2.62783686
2003/8/31,0.0193253,0.0061106,1.41,0.069732941,64.03141659,0.003645258,-1.059563271,2.628580806
2003/9/30,-0.0107146,0.0270649,2.109999,0.093033466,55.69002505,-0.045006671,-0.88350904,2.845986478
2003/10/31,0.056413,-0.0095948,1.120001,0.049295821,141.6472721,-0.085939044,-0.850190452,2.854703111
2003/11/30,0.0086429,0.0027038,1.659999,0.078784955,157.5190426,-0.089736607,-0.814672132,2.893472567
2003/12/31,0.0521989,0.0088274,1.089998,0.055954723,235.736766,-0.185752412,-0.837921111,2.882101618
2004/1/31,0.0182137,0.0086321,1.430001,0.078099458,264.1949902,-0.23571786,-0.89533533,2.881812359
2004/2/29,0.0137746,0.0103111,0.530001,0.02908897,280.3149635,-0.336083394,-0.893309033,2.809333053
2004/3/31,-0.0151348,0.0079639,2.83,0.158365968,248.8236917,-0.346586908,-0.888375708,0.502270428
2004/4/30,-0.0157677,-0.0261438,1.98,0.091751622,212.9786546,-0.278843934,-0.843289579,0.488259485
2004/5/31,0.0135782,-0.0042673,1.640001,0.095017439,219.3386898,-0.312603376,-0.905087154,0.419570001
2004/6/30,0.0192955,0.0055894,1.03,0.051603209,234.3699618,-0.331041317,-1.002562022,0.43920964
2004/7/31,-0.0331088,0.0096263,2.24,0.131532582,157.8809262,-0.298371663,-1.013757789,0.432658571
2004/8/31,0.0038265,0.0194241,2.110001,0.121965383,147.8863303,-0.346751834,-0.981163949,0.410266192
2004/9/30,0.0106711,0.0016116,1.08,0.055842813,151.5549922,-0.315212436,-1.108464482,0.478915053
2004/10/31,0.0151471,0.0084739,1.3,0.087189805,158.0218558,-0.420820616,-1.118804138,0.521547528
2004/11/30,0.0404591,-0.0080524,0.52,0.031363088,202.4204268,-0.493630822,-0.979982676,0.552350922
2004/12/31,0.0339347,0.0091667,0.94,0.057775046,234.8296067,-0.607522114,-1.019042991,0.67214135
2005/1/31,-0.0245432,0.0065438,0.79,0.057790783,166.6768802,-0.553237074,-1.030503585,0.825855273
2005/2/28,0.0209366,-0.0062652,1.96,0.133788396,182.2377376,-0.585924821,-0.920867544,0.794852553
2005/3/31,-0.0176004,-0.0049262,0.76,0.057838661,133.7172911,0.221894801,-0.823373316,0.816386801
2005/4/30,-0.0191194,0.0135473,3.21,0.221532091,85.86226564,0.139537074,-0.939116024,1.431737671
2005/5/31,0.0316746,0.0105335,1.670001,0.094137599,125.0081455,0.119570594,-1.002674082,1.383675791
2005/6/30,0.001272,0.0055243,1.08,0.066176471,112.8704499,0.4741243,-1.063801593,1.386843884
2005/7/31,0.037064,-0.0099292,1.05,0.082677165,160.859547,0.401816125,-0.965615848,1.545897676
2005/8/31,-0.0091324,0.013561,1.26,0.100880705,130.0668054,0.41128192,-0.966494746,1.466001629
2005/9/30,0.0079406,-0.0110019,1.15,0.081157375,130.9504173,0.41640689,-0.883041149,1.441972698
2005/10/31,-0.0167845,-0.0080953,2.610001,0.189267658,91.23136768,0.125747436,-0.759260253,1.347828747
2005/11/30,0.037646,0.004784,0.96,0.0582878,149.3500308,0.055825224,-0.787212308,1.349152324
2005/12/31,0.0002194,0.009907,1.3,0.087542088,140.3626705,0.104193361,-0.851862696,1.321178481
2006/1/31,0.0264532,-0.0010731,2.58,0.211302211,177.2841467,0.075469711,-0.45085937,1.202415626
2006/2/28,0.002628,0.0037433,0.87,0.059752747,168.0585823,0.141875923,-0.431537661,1.201180313
2006/3/31,0.0123064,-0.0099823,0.78,0.057395143,177.6768301,0.074277026,-0.709166461,1.229432401
2006/4/30,0.0133345,-0.0020749,0.81,0.063579278,189.7704967,-0.046361081,-0.77656823,1.242363171
2006/5/31,-0.0289663,-0.0009452,4.4,0.338461538,118.1563997,-0.039841202,-0.737393505,1.819800018
2006/6/30,0.0012785,0.0010399,2.85,0.152733119,106.721846,-0.139898831,-0.688934496,1.695237487
2006/7/31,0.0060689,0.0134698,3.300001,0.138597276,104.8954524,-0.09245169,-0.660574951,1.60516245
2006/8/31,0.0236194,0.0164237,0.89,0.047746784,136.5532228,-0.115949531,-0.594837665,1.654950354
2006/9/30,0.0256343,0.0081142,1.11,0.072882469,173.9976201,-0.244308461,-0.595263415,1.797003614
2006/10/31,0.0325098,0.0071768,0.64,0.04610951,226.389454,-0.363627099,-0.114491548,1.778350886
2006/11/30,0.0188917,0.0110851,1.57,0.124900557,248.4380886,-0.381700001,-0.240748126,1.72684267
2006/12/31,0.0139122,-0.0047616,1.34,0.108943089,260.7917205,-0.363897777,-0.147406206,1.713800737
2007/1/31,0.0149322,-0.0008198,1.33,0.104972376,273.0199637,-0.352012364,-0.048314089,1.765943686
2007/2/28,-0.0196922,0.0150429,7.159999,0.58978575,209.2332318,-0.314407606,-0.150964788,2.799322597
2007/3/31,0.011116,0.0002224,4.139999,0.226105911,214.5887672,-0.316513015,-0.135391262,2.612724845
2007/4/30,0.0441795,0.0051151,1.77,0.090168115,288.7491788,-0.26179566,-0.107858496,2.61278572
2007/5/31,0.0347705,-0.0077636,1.01,0.069511356,344.9927369,-0.291711223,-0.105831481,2.65935604
2007/6/30,-0.0167628,-0.0038783,2.239999,0.159090838,282.5940996,-0.174698647,0.013785917,2.624674637
2007/7/31,-0.0308481,0.0083887,3.43,0.181577564,191.1659158,-0.226083978,0.000219576,2.562469309
2007/8/31,0.0149832,0.0134211,5.029999,0.208109185,203.2526968,-0.20742758,-0.115981335,2.449651885
2007/9/30,0.0372395,0.0072019,2.24,0.072656503,266.6063458,-0.310597763,-0.227239107,2.46449502
2007/10/31,0.0157884,0.0092649,4.459999,0.162892592,280.204934,-0.410011177,-0.237946271,2.572695925
2007/11/30,-0.041868,0.0190995,5.100001,0.222125489,161.4019166,-0.482925497,-0.117634744,2.418934685
2007/12/31,-0.0069997,0.002166,2.85,0.091669347,128.7899887,-0.448306609,-0.080230036,2.436083371
2008/1/31,-0.0601554,0.0168907,4.08,0.16639478,-18.65463009,-0.689719353,-0.125105732,2.397203925
2008/2/29,-0.0325146,0.0018948,3.01,0.097065463,-93.78773123,-0.63854661,-0.040716746,2.396528209
2008/3/31,-0.004405,0.0029659,4.049999,0.139799763,-109.7573296,-0.590566514,0.020160528,2.391578497
2008/4/30,0.0485421,-0.0030117,1.479999,0.045905673,-19.46099832,-0.602222874,0.080084317,2.418793987
2008/5/31,0.012925,-0.0078658,1.520001,0.063811965,-3.249972227,-0.610838659,0.089413279,2.425687999
2008/6/30,-0.0843817,-6.11E-05,4.93,0.249873289,-191.8277252,-0.931426203,0.195225501,2.233898918
2008/7/31,-0.0083171,5.10E-06,2.27,0.094112766,-207.3395049,-0.863042821,0.188191531,2.346788197
2008/8/31,0.014463,0.0069971,2.16,0.075683249,-174.9213149,-0.89040963,0.1487655,2.363141957
2008/9/30,-0.0890607,-0.0110351,11.979999,0.510004215,-343.6273141,-0.925106364,0.112803161,1.978136996
2008/10/31,-0.167924,-0.0253417,16.540001,0.354023986,-627.2881132,-1.591633972,-0.667830741,1.72898289
2008/11/30,-0.0717484,0.0364082,9.119999,0.113914554,-702.8949415,-1.454093219,0.115645845,1.97425869
2008/12/31,0.0106711,0.033227,13.230003,0.163616162,-654.7404679,-1.46209422,0.247698061,1.96619062
2009/1/31,-0.0841256,-0.0069654,10.540001,0.153846164,-737.6827057,-1.246563522,0.35645082,1.957394188
2009/2/28,-0.1065703,-0.0042309,5.73,0.101147393,-828.9554719,-1.049537374,0.484933444,1.996045936
2009/3/31,0.0876004,0.0148047,6.300004,0.119726418,-675.5077297,-0.792175445,0.43706692,2.011832672
2009/4/30,0.0955882,0.0035683,5.240001,0.099525181,-509.8704561,-0.571941693,0.465499804,2.060849324
2009/5/31,0.056177,0.0084914,2.319999,0.054872258,-395.6404638,-0.555942064,0.48597598,2.022801256
2009/6/30,0.0021996,0.0053905,3.18,0.090084988,-356.2718565,-0.542342462,0.43379611,2.017647919
2009/7/31,0.075779,0.0142762,1.85,0.056609547,-207.7467425,-0.494201655,0.326861357,1.987582512
2009/8/31,0.0359886,0.0101441,3.619999,0.115654924,-115.302695,-0.556880587,0.358496111,1.987202917
2009/9/30,0.0371679,0.0118786,3.14,0.11258516,-26.16817991,-0.57428956,0.272694558,2.14624625
2009/10/31,-0.0186762,0.0041179,5.930001,0.203430566,-30.83266927,-0.513583568,0.28030386,2.036640435
2009/11/30,0.0598139,0.0136019,4.26,0.138807425,87.77824291,-0.500225187,0.174175536,2.050467973
2009/12/31,0.019455,-0.0167634,1.969999,0.066151744,134.4154607,-0.550129805,0.075576883,2.054146394
2010/1/31,-0.0360378,0.0157077,5.039999,0.212747944,82.72548009,-0.541559514,0.034151163,1.996279862
2010/2/28,0.0309185,0.0019652,4.48,0.164042481,154.1345608,-0.553847727,0.113124274,2.072176711
2010/3/31,0.0601355,-0.0007989,1.199999,0.0452659,277.1636126,-0.543392057,0.167917399,2.025832967
2010/4/30,0.0157802,0.0106044,5.34,0.277258567,310.6618599,-0.54338329,0.158628811,1.818890514
2010/5/31,-0.0800512,0.0087235,10.470001,0.45900927,162.8831561,-0.504398038,0.204598321,1.678052861
2010/6/30,-0.0523946,0.0161014,6.020001,0.131469772,83.05588559,-0.435680308,0.114812177,1.672810514
2010/7/31,0.069961,0.0093619,1.709999,0.046759612,204.4095622,-0.540712916,0.152761098,1.672478992
2010/8/31,-0.0452979,0.0148094,3.019998,0.091904988,112.2986785,-0.521756971,0.066241415,1.671890144
2010/9/30,0.089189,-0.0001179,2.49,0.090677352,247.2772216,-0.5202075,0.086357571,1.685628994
2010/10/31,0.0378831,0.0036085,1.539999,0.064462079,295.88951,-0.517265631,0.047728338,1.703825419
2010/11/30,0,-0.0056767,2.66,0.113047169,266.5336029,-0.500195805,0.048719924,1.717125014
2010/12/31,0.0667134,-0.0114743,1.200001,0.050977101,356.9177635,-0.637290575,0.054928592,1.845059254
2011/1/31,0.0235711,0.0008258,3.890001,0.182116143,367.41763,-0.680768477,0.049879242,1.786597433
2011/2/28,0.0341628,0.0016336,4.369999,0.218063811,404.2123193,-0.700458934,0.088765213,1.690764855
2011/3/31,0.0002562,-5.20E-05,5.08,0.229552654,371.3081218,-0.811294617,0.08008531,1.546539981
2011/4/30,0.0294792,0.0131621,1.639999,0.055782279,400.9545513,-0.551570479,0.476574873,1.807873553
2011/5/31,-0.011454,0.0130482,1.91,0.106883038,344.520369,-0.592425644,0.060176566,1.810978241
2011/6/30,-0.0167228,-0.0038807,3.06,0.166304348,280.5594649,-0.539639683,-0.573610024,1.806304088
2011/7/31,-0.0204686,0.0157519,2.75,0.120985482,213.9241721,-0.513998219,-0.69005065,1.845701832
2011/8/31,-0.0544646,0.0146372,16,0.633663366,77.52821468,-0.246891234,-0.827055299,2.300788262
2011/9/30,-0.0704259,0.008925,4.459999,0.092916646,-74.28495645,-0.230715979,-0.834999124,2.301053997
2011/10/31,0.109138,0.0015993,5.429998,0.126396604,122.9027881,-0.154457437,-0.808175016,2.297369467
2011/11/30,-0.0023367,-0.0030435,8.68,0.190979094,101.5509865,-0.064605857,-0.677549746,2.270662466
2011/12/31,0.010176,0.0107551,1.92,0.053097345,108.2894895,-0.080450556,-0.718626075,2.240263517
2012/1/31,0.0446459,0.0087315,1.290001,0.042170677,190.5299458,-0.090773423,-0.721286351,2.221452019
2012/2/29,0.0430685,-0.0004583,2.160002,0.09403579,270.5163515,-0.099402192,-0.611388293,2.220398854
2012/3/31,0.0328145,-0.0058345,2.820002,0.133396506,319.7431144,-0.093047137,-0.469572451,2.21445017
2012/4/30,-0.0063954,0.0113895,2.349998,0.11260172,272.6662988,-0.112231659,-0.521053347,2.289035595
2012/5/31,-0.0601784,0.0094867,3.109998,0.152525657,107.7304688,-0.012682675,-0.524558907,2.279538762
2012/6/30,0.0410895,0.0003681,2.84,0.11314741,173.4868719,-0.046109424,-0.227509739,2.296715517
2012/7/31,0.0136997,0.0138591,2.350001,0.088147074,184.1501242,-0.120464388,-0.249487121,2.385028886
2012/8/31,0.0223933,0.0003013,1.17,0.057156818,216.8114628,-0.105772275,-0.23183301,2.395104397
2012/9/30,0.0257653,0.0010777,1.900001,0.100211028,255.9553893,-0.078893451,-0.248555292,2.431658663
2012/10/31,-0.0185952,0.0011153,2.209999,0.122914294,193.480014,-0.013775989,-0.147193233,2.659253721
2012/11/30,0.0055999,0.0019199,1.5,0.079660117,193.3618827,0.072777833,-0.066798084,3.437351024
2012/12/31,0.0090228,-0.0020169,3.25,0.17033543,203.8958515,0.0577046,0.014543145,3.378676022
2013/1/31,0.0517622,-0.0071289,1.01,0.044454227,315.6740056,0.044024222,0.102082199,3.373560646
2013/2/28,0.0133893,0.0054269,4.82,0.328337875,334.8812924,0.010802313,0.115078782,2.873557137
2013/3/31,0.0373865,0.0008278,2.06,0.108478146,412.7209586,-0.108926119,0.105169656,2.876149082
2013/4/30,0.0190858,0.0091281,5.21,0.339192708,439.6471948,-0.07225032,0.04556272,2.48429155
2013/5/31,0.0232748,-0.0170844,1.769999,0.100797215,474.1699664,-0.131006868,-0.341516669,2.483944778
2013/6/30,-0.0135055,-0.0165385,3.850001,0.236196395,400.193559,-0.051176244,-0.49438508,2.387270422
2013/7/31,0.0507227,0.0019685,0.67,0.032698878,496.847712,-0.077466413,-0.508395785,2.362119166
2013/8/31,-0.0291187,-0.0064074,1.78,0.108272499,375.217252,0.039323496,-0.431367811,2.474918912
2013/9/30,0.0312163,0.0096109,1.4,0.082304527,427.2054114,-0.034293255,-0.510458265,2.614887158
2013/10/31,0.045865,0.0077703,2.67,0.160746529,520.6087425,-0.051649992,-0.53070772,2.609705058
2013/11/30,0.0302843,-0.003495,1.24,0.060963618,571.7827151,-0.147802798,-0.443890654,2.585133299
2013/12/31,0.0251378,-0.0064699,1.51,0.108554996,609.9091908,-0.243451694,-0.426286141,2.627579306
2014/1/31,-0.0346912,0.0154335,4.369999,0.26958663,460.2563252,-0.242145486,-0.435046512,2.404146538
2014/2/28,0.0456066,0.0047915,3.030001,0.164584519,564.3244408,-0.304100551,-0.492421629,1.261649695
2014/3/31,0.008238,-0.0014929,2,0.093283578,542.2154765,-0.003428422,-0.408598225,1.26158075
2014/4/30,0.0072409,0.0077188,2.07,0.116161616,520.0440674,-0.844471372,-0.4548197,1.272440455
2014/5/31,0.0233494,0.0104779,1,0.058719903,550.6164216,-0.942977995,-0.550530027,1.390417607
2014/6/30,0.0205195,0.0010964,1.15,0.083333333,572.434504,-0.981371537,-0.509158891,1.415508376
2014/7/31,-0.0138804,-0.0025697,3.620001,0.286166087,478.478149,-0.852067167,-0.412217898,1.235958503
2014/8/31,0.0398161,0.0113083,1.750001,0.103244891,565.1719192,-0.862444738,-0.464277847,1.233426174
2014/9/30,-0.0141264,-0.0072369,2.37,0.139166169,463.6177534,-0.718779218,-0.457516928,1.226262088
2014/10/31,0.0242321,0.0094082,3.65,0.2237891,497.9236503,-0.828445781,-0.474049904,1.072617429
2014/11/30,0.026824,0.0065265,1.26,0.049861496,544.8572554,-0.571486776,-0.475701546,1.096257024
2014/12/31,-0.0026434,0.0008902,3.280001,0.220282136,485.3590527,-0.459325526,-0.482322914,0.958335247
2015/1/31,-0.0301754,0.0231106,3.220002,0.136614425,331.9159598,-0.427510613,-0.069721247,0.92747894
2015/2/28,0.0573957,-0.0108205,1.259998,0.056275036,494.6467619,-0.34651902,-0.040115684,0.926506484
2015/3/31,-0.0159367,0.0040775,1.82,0.093669583,391.86913,-0.230820957,-0.071670016,0.928307111
2015/4/30,0.0094908,-0.0036186,1.36,0.080616474,383.3282245,-0.287333432,-0.02649684,0.945154422
2015/5/31,0.012726,-0.0044989,1.93,0.12772998,392.025402,-0.314649219,0.032603453,0.924090573
2015/6/30,-0.0193292,-0.0100896,4.83,0.318811881,275.4732891,-0.259828667,0.0538621,0.851032749
2015/7/31,0.0208027,0.0076111,3.57,0.18938992,314.7132348,-0.278415985,-0.064388853,0.793716292
2015/8/31,-0.0604158,-0.003554,12.710001,0.636454764,55.90591705,-0.50903197,0.021786091,2.080987296
2015/9/30,-0.0249003,0.0075679,4.009998,0.098429008,-49.96734055,-0.375246382,-0.038314308,2.079099569
2015/10/31,0.0842272,0.0001341,1.5,0.047770701,225.9319068,-0.038665941,0.035599194,2.34945669
2015/11/30,0.0028637,-0.0026753,2.310002,0.102439118,206.4469106,0.020427728,0.200888409,2.349698352
2015/12/31,-0.0159259,-0.0037919,5.049999,0.251493974,123.6514563,0.02300867,0.490147074,2.320795669
2016/1/31,-0.0497666,0.0142939,4.4,0.180401811,-77.64549668,0.053281207,0.400947379,2.352409774
2016/2/29,-0.0014517,0.0066014,2.620001,0.094961979,-92.84540314,0.019334214,0.316024666,2.348558587
2016/3/31,0.0677544,0.0094361,1.32,0.046908317,135.3491872,0.087656152,0.31725682,2.305436455
2016/4/30,0.003737,0.0037792,2.07,0.110873058,135.0985109,0.170297431,0.363925801,2.33043301
2016/5/31,0.0178291,0.0001455,1.07,0.065805658,184.2476694,0.200347353,0.344773757,2.336096677
2016/6/30,0.0024997,0.0193717,8.51,0.521126761,179.740412,0.264760269,0.309259174,1.921400362
2016/7/31,0.0367636,0.0064119,0.97,0.03765528,302.3011367,0.159553886,0.35047764,2.023608294
2016/8/31,0.0012949,-0.0016801,1.07,0.068677792,288.0677711,0.253413909,0.412572788,2.039976677
2016/9/30,8.18E-05,-0.0008588,4.99,0.365567766,273.2877866,0.277411589,0.40921103,1.769707501
2016/10/31,-0.0183308,-0.0080668,1.98,0.109151053,185.5517137,0.329483214,0.472032659,1.770602294
2016/11/30,0.0369899,-0.0264382,2.76,0.161781956,310.8713484,0.302095193,-0.259564466,1.766154599
2016/12/31,0.0196262,0.0024461,0.96,0.042647712,375.063332,0.304658737,-0.272876879,1.740280626
2017/1/31,0.0188314,0.0029492,1.3,0.092067989,431.0068695,0.221096479,-0.327703493,1.895542996
2017/2/28,0.0396275,0.0065965,1.23,0.095719844,572.7110708,0.221210139,-0.3217256,1.895317311
2017/3/31,0.0010005,-0.0007162,1.13,0.0874613,548.5803999,0.190645631,-0.375612046,1.903827781
2017/4/30,0.0101812,0.0076222,1.18,0.089939024,560.2370935,0.231850649,-0.372272862,1.990959388
2017/5/31,0.0139374,0.0067042,4.94,0.30952381,590.5053047,0.268310395,-0.373219252,1.812257001
2017/6/30,0.0061158,0.0001427,1.41,0.090442591,573.2703299,0.243782314,-0.365266868,1.889214586
2017/7/31,0.0204246,0.0038829,1.47,0.128272251,614.7255197,0.167180553,-0.803812218,1.892733964
2017/8/31,0.0029345,0.0085384,4.930001,0.393142026,587.6251777,0.223164314,-0.967626287,1.633721031
2017/9/30,0.0205909,-0.0053891,2.1,0.130922685,640.7274836,0.127702264,-0.849574385,1.629378702
2017/10/31,0.0231758,0.0011229,1.1,0.089942764,701.1311588,0.084805806,-0.913811115,1.631425556
2017/11/30,0.0305934,-0.0017202,1.54,0.136283186,785.2922248,0.036732203,-0.95340348,1.628697208
2017/12/31,0.0110199,0.0044422,0.86,0.065498858,770.5347904,-0.028940412,-1.130117052,1.803001382
2018/1/31,0.0571267,-0.0109439,2.76,0.23630137,994.5259011,-0.021095429,-0.945235593,1.755451707
2018/2/28,-0.0369462,-0.0102671,20.010001,1.352941244,726.8621495,0.27841374,-0.876380071,3.499220008
2018/3/31,-0.0255541,0.0062555,5.479999,0.14683813,536.7240651,0.275630603,-0.877539353,3.500228497
2018/4/30,0.0037324,-0.0083051,3.650002,0.146763243,500.9000687,-0.067090861,-0.775411683,3.522160947
2018/5/31,0.0239457,0.0060879,3.8,0.160880603,571.2514762,-0.141216739,-0.858701023,3.522175578
2018/6/30,0.0060505,0.0002847,3.56,0.209165687,548.0478181,-0.194001846,-0.912945525,3.547879803
2018/7/31,0.0370931,0.0003465,1.23,0.068676717,682.2277055,0.111200191,-0.996760818,3.543327077
2018/8/31,0.0324625,0.0051557,1.89,0.117100379,786.4807354,-0.007102591,-0.997011734,3.546696783
2018/9/30,0.0055435,-0.0054285,1.61,0.108930988,747.8422186,-0.316565049,-0.905459187,3.569958266
2018/10/31,-0.0684901,-0.0073022,7.009999,0.471102083,304.3293453,-1.072839713,-0.774674893,3.282017101
2018/11/30,0.0202665,0.0052776,3.09,0.122473246,362.881081,-1.077782915,-0.810764636,3.298528763
2018/12/31,-0.0904014,0.0179808,5.959999,0.265124511,-152.3220435,-1.434239413,-0.913291517,3.616060908
2019/1/31,0.0800207,0.0100689,3,0.083171611,208.6594462,-0.96659847,-0.87375898,3.643789816
2019/2/28,0.0320051,-0.0006213,1.34,0.052652257,337.3529604,-1.026262109,-0.887720567,3.633943931
2019/3/31,0.0193664,0.0195574,2.85,0.174098951,399.1808639,-1.082221995,-0.589727615,3.793871428
2019/4/30,0.0404114,0.0004394,1.1,0.066305003,573.2832257,-1.213167608,-0.679975976,3.777978569
2019/5/31,-0.0636461,0.018298,4.509998,0.31582619,164.8927339,-1.042406469,0.316854184,3.673616457
2019/6/30,0.0703293,0.0115333,1.020001,0.049635088,503.0059037,-0.902684014,0.231686165,3.678684847
2019/7/31,0.0142589,0.0022624,2.180001,0.115588594,537.6894754,-0.892736253,0.239961962,3.684768828
2019/8/31,-0.0159111,0.0278259,6.979999,0.433002392,402.0131609,-0.782129185,0.608614884,3.449957648
2019/9/30,0.0185885,-0.0059633,2.139999,0.087027206,473.5934839,-0.826549127,0.600924754,3.449775554
2019/10/31,0.02155,0.0021265,2.42,0.123092574,561.6440647,-0.850933396,0.661472378,3.459117727
2019/11/29,0.03620438,-0.000625156,0.87,0.042315177,745.8218665,-0.877646396,0.732812359,3.507399572
2019/12/31,0.030077916,-0.001441939,2.29,0.174409749,881.2189051,-0.92449503,0.741077999,3.512083531
2020/1/31,-0.000503051,0.021186938,3.67,0.229949875,816.0213512,-0.870556132,0.65726003,3.488195064
2020/2/28,-0.082413297,0.017065571,11.600001,0.615711306,239.538152,-0.840619676,0.599255334,3.167991347
2020/3/31,-0.124012726,-0.005855934,24.86,0.619795547,-500.7689101,-0.952582124,0.596769497,2.762359151
2020/4/30,0.128138522,0.016931602,5.68,0.068690287,147.7178846,-0.468297503,0.471941031,2.754459158
2020/5/29,0.04755884,0.003475239,5.470001,0.095864019,400.0363995,-0.478190396,0.43926824,2.747991468
